25,393 ; 25,395 ; 25,389 ; 25,350 ; 25,338 ; 25,338 ; 25,328 ; 25,401 ; 25,507 ; 25,685 ; 25,837 ; 25,889 ; 25,870 ; 25,862 ; 25,849 ; 25,831 ; 25,827 ; 25,827 ; 25,798 ; 25,780 ; 25,792 ; 25,778 ; 25,756 ; 25,745 ; 25,757 ; 25,730 ; 25,711 ; 25,713 ; 25,711 ; 25,701 ; 25,681 ; 25,675 ; 25,647 ; 25,636 ; 25,647 ; 25,620 ; 25,604 ; 25,597 ; 25,607 ; 25,592 ; 25,579 ; 25,577 ; 25,541 ; 25,531 ; 25,538 ; 25,507 ; 25,522 ; 25,489 ; 25,491 ; 25,468 ; 25,451 ; 25,461 ; 25,430 ; 25,424 ; 25,418 ; 25,413 ; 25,384 ; 25,381 ; 25,383 ; 25,382 ; 25,352 ; 25,354 ; 25,331 ; 25,323 ; 25,297 ; 25,305 ; 25,302 ; 25,288 ; 25,256 ; 25,261 ; 25,260 ; 25,244 ; 25,219 ; 25,212 ; 25,213 ; 25,188 ; 25,167 ; 25,155 ; 25,150 ; 25,158 ; 25,149 ; 25,118 ; 25,129 ; 25,097 ; 25,111 ; 25,074 ; 24,940 ; 24,684 ; 24,563 ; 24,439 ; 24,431 ; 24,415 ; 24,395 ; 24,376 ; 24,385 ; 24,378 ; 24,352 ; 24,360 ; 24,346 ; 24,337 ; 
25,685 ; 25,828 ; 25,982 ; 26,027 ; 26,012 ; 26,025 ; 25,997 ; 25,985 ; 25,970 ; 25,965 ; 25,972 ; 25,942 ; 25,941 ; 25,917 ; 25,934 ; 25,892 ; 25,895 ; 25,871 ; 25,886 ; 25,874 ; 25,842 ; 25,837 ; 25,827 ; 25,816 ; 25,801 ; 25,798 ; 25,776 ; 25,769 ; 25,779 ; 25,766 ; 25,762 ; 25,727 ; 25,739 ; 25,700 ; 25,720 ; 25,707 ; 25,678 ; 25,666 ; 25,675 ; 25,639 ; 25,632 ; 25,619 ; 25,615 ; 25,617 ; 25,592 ; 25,574 ; 25,590 ; 25,553 ; 25,568 ; 25,559 ; 25,521 ; 25,528 ; 25,512 ; 25,523 ; 25,499 ; 25,500 ; 25,479 ; 25,449 ; 25,458 ; 25,440 ; 25,442 ; 25,418 ; 25,408 ; 25,389 ; 25,397 ; 25,375 ; 25,351 ; 25,359 ; 25,356 ; 25,326 ; 25,320 ; 25,315 ; 25,297 ; 25,289 ; 25,297 ; 25,262 ; 25,285 ; 25,258 ; 25,097 ; 24,909 ; 24,793 ; 24,605 ; 24,584 ; 24,598 ; 24,561 ; 24,550 ; 24,536 ; 24,544 ; 24,506 ; 24,524 ; 24,507 ; 24,477 ; 24,487 ; 24,462 ; 24,462 ; 24,438 ; 24,425 ; 24,434 ; 24,401 ; 24,422 ; 
26,088 ; 26,109 ; 26,100 ; 26,063 ; 26,074 ; 26,040 ; 26,051 ; 26,026 ; 26,021 ; 26,018 ; 25,996 ; 26,002 ; 25,990 ; 25,971 ; 25,954 ; 25,935 ; 25,945 ; 25,938 ; 25,901 ; 25,893 ; 25,895 ; 25,871 ; 25,871 ; 25,864 ; 25,854 ; 25,855 ; 25,825 ; 25,809 ; 25,795 ; 25,799 ; 25,799 ; 25,785 ; 25,756 ; 25,758 ; 25,758 ; 25,752 ; 25,719 ; 25,715 ; 25,718 ; 25,691 ; 25,675 ; 25,681 ; 25,664 ; 25,651 ; 25,635 ; 25,652 ; 25,635 ; 25,620 ; 25,596 ; 25,580 ; 25,573 ; 25,572 ; 25,535 ; 25,558 ; 25,547 ; 25,524 ; 25,527 ; 25,513 ; 25,474 ; 25,474 ; 25,480 ; 25,452 ; 25,467 ; 25,430 ; 25,443 ; 25,413 ; 25,402 ; 25,405 ; 25,388 ; 25,368 ; 25,378 ; 25,256 ; 24,978 ; 24,891 ; 24,729 ; 24,721 ; 24,695 ; 24,704 ; 24,686 ; 24,679 ; 24,641 ; 24,647 ; 24,630 ; 24,631 ; 24,625 ; 24,585 ; 24,602 ; 24,562 ; 24,570 ; 24,543 ; 24,530 ; 24,523 ; 24,533 ; 24,509 ; 24,498 ; 24,477 ; 24,480 ; 24,465 ; 24,471 ; 24,482 ; 
26,161 ; 26,137 ; 26,128 ; 26,128 ; 26,093 ; 26,112 ; 26,070 ; 26,083 ; 26,072 ; 26,064 ; 26,046 ; 26,039 ; 26,018 ; 26,005 ; 26,014 ; 26,005 ; 25,977 ; 25,981 ; 25,953 ; 25,968 ; 25,951 ; 25,935 ; 25,926 ; 25,908 ; 25,911 ; 25,887 ; 25,883 ; 25,877 ; 25,866 ; 25,843 ; 25,844 ; 25,823 ; 25,817 ; 25,815 ; 25,778 ; 25,783 ; 25,761 ; 25,768 ; 25,767 ; 25,754 ; 25,732 ; 25,717 ; 25,724 ; 25,695 ; 25,693 ; 25,687 ; 25,672 ; 25,671 ; 25,638 ; 25,656 ; 25,617 ; 25,617 ; 25,599 ; 25,582 ; 25,579 ; 25,586 ; 25,564 ; 25,542 ; 25,558 ; 25,523 ; 25,527 ; 25,524 ; 25,516 ; 25,489 ; 25,288 ; 25,046 ; 24,955 ; 24,844 ; 24,818 ; 24,802 ; 24,794 ; 24,799 ; 24,782 ; 24,778 ; 24,771 ; 24,735 ; 24,726 ; 24,737 ; 24,721 ; 24,697 ; 24,683 ; 24,665 ; 24,662 ; 24,651 ; 24,633 ; 24,642 ; 24,622 ; 24,629 ; 24,588 ; 24,609 ; 24,599 ; 24,555 ; 24,548 ; 24,560 ; 24,550 ; 24,535 ; 24,519 ; 24,521 ; 24,505 ; 24,506 ; 
26,183 ; 26,152 ; 26,156 ; 26,135 ; 26,149 ; 26,105 ; 26,122 ; 26,118 ; 26,095 ; 26,080 ; 26,087 ; 26,057 ; 26,039 ; 26,021 ; 26,021 ; 26,032 ; 26,025 ; 25,988 ; 25,974 ; 25,972 ; 25,972 ; 25,976 ; 25,956 ; 25,927 ; 25,933 ; 25,920 ; 25,911 ; 25,885 ; 25,883 ; 25,883 ; 25,862 ; 25,860 ; 25,838 ; 25,849 ; 25,816 ; 25,819 ; 25,812 ; 25,781 ; 25,781 ; 25,768 ; 25,756 ; 25,762 ; 25,729 ; 25,743 ; 25,732 ; 25,712 ; 25,712 ; 25,699 ; 25,690 ; 25,654 ; 25,664 ; 25,651 ; 25,634 ; 25,650 ; 25,620 ; 25,627 ; 25,522 ; 25,302 ; 25,065 ; 24,970 ; 24,962 ; 24,922 ; 24,935 ; 24,900 ; 24,881 ; 24,882 ; 24,864 ; 24,878 ; 24,870 ; 24,837 ; 24,835 ; 24,841 ; 24,819 ; 24,813 ; 24,789 ; 24,765 ; 24,783 ; 24,769 ; 24,737 ; 24,750 ; 24,732 ; 24,728 ; 24,702 ; 24,684 ; 24,677 ; 24,679 ; 24,666 ; 24,647 ; 24,624 ; 24,646 ; 24,629 ; 24,603 ; 24,591 ; 24,579 ; 24,584 ; 24,561 ; 24,556 ; 24,568 ; 24,547 ; 24,527 ; 
26,234 ; 26,210 ; 26,185 ; 26,187 ; 26,177 ; 26,167 ; 26,171 ; 26,142 ; 26,124 ; 26,126 ; 26,116 ; 26,103 ; 26,077 ; 26,093 ; 26,060 ; 26,075 ; 26,050 ; 26,048 ; 26,042 ; 26,012 ; 26,008 ; 25,990 ; 26,003 ; 25,987 ; 25,962 ; 25,941 ; 25,936 ; 25,928 ; 25,915 ; 25,911 ; 25,908 ; 25,911 ; 25,884 ; 25,887 ; 25,879 ; 25,862 ; 25,840 ; 25,838 ; 25,819 ; 25,823 ; 25,817 ; 25,789 ; 25,778 ; 25,783 ; 25,778 ; 25,763 ; 25,739 ; 25,736 ; 25,691 ; 25,484 ; 25,304 ; 25,092 ; 25,078 ; 25,050 ; 25,056 ; 25,051 ; 25,017 ; 25,026 ; 25,010 ; 25,005 ; 24,976 ; 24,974 ; 24,962 ; 24,945 ; 24,927 ; 24,936 ; 24,906 ; 24,924 ; 24,881 ; 24,875 ; 24,867 ; 24,848 ; 24,839 ; 24,849 ; 24,844 ; 24,814 ; 24,818 ; 24,788 ; 24,775 ; 24,764 ; 24,763 ; 24,758 ; 24,737 ; 24,747 ; 24,715 ; 24,716 ; 24,694 ; 24,697 ; 24,668 ; 24,670 ; 24,660 ; 24,630 ; 24,613 ; 24,628 ; 24,599 ; 24,613 ; 24,597 ; 24,568 ; 24,562 ; 24,554 ; 
26,245 ; 26,236 ; 26,221 ; 26,229 ; 26,193 ; 26,184 ; 26,187 ; 26,158 ; 26,178 ; 26,143 ; 26,132 ; 26,138 ; 26,116 ; 26,113 ; 26,110 ; 26,087 ; 26,089 ; 26,061 ; 26,058 ; 26,042 ; 26,049 ; 26,036 ; 26,027 ; 26,015 ; 26,014 ; 26,003 ; 25,968 ; 25,964 ; 25,966 ; 25,944 ; 25,933 ; 25,947 ; 25,919 ; 25,923 ; 25,901 ; 25,907 ; 25,891 ; 25,885 ; 25,860 ; 25,861 ; 25,861 ; 25,658 ; 25,522 ; 25,277 ; 25,185 ; 25,192 ; 25,176 ; 25,144 ; 25,141 ; 25,127 ; 25,145 ; 25,124 ; 25,117 ; 25,108 ; 25,068 ; 25,072 ; 25,050 ; 25,048 ; 25,056 ; 25,040 ; 25,037 ; 25,008 ; 25,013 ; 24,979 ; 24,967 ; 24,973 ; 24,949 ; 24,939 ; 24,947 ; 24,933 ; 24,901 ; 24,910 ; 24,872 ; 24,866 ; 24,881 ; 24,843 ; 24,849 ; 24,823 ; 24,805 ; 24,792 ; 24,783 ; 24,768 ; 24,771 ; 24,750 ; 24,744 ; 24,747 ; 24,729 ; 24,728 ; 24,715 ; 24,686 ; 24,689 ; 24,683 ; 24,653 ; 24,666 ; 24,637 ; 24,635 ; 24,628 ; 24,611 ; 24,592 ; 24,615 ; 
26,263 ; 26,241 ; 26,260 ; 26,247 ; 26,215 ; 26,210 ; 26,191 ; 26,181 ; 26,185 ; 26,179 ; 26,175 ; 26,144 ; 26,134 ; 26,128 ; 26,132 ; 26,095 ; 26,109 ; 26,106 ; 26,073 ; 26,055 ; 26,069 ; 26,064 ; 26,050 ; 26,019 ; 26,027 ; 26,007 ; 26,011 ; 25,985 ; 25,982 ; 25,974 ; 25,968 ; 25,968 ; 25,954 ; 25,913 ; 25,809 ; 25,559 ; 25,424 ; 25,298 ; 25,285 ; 25,266 ; 25,261 ; 25,254 ; 25,219 ; 25,213 ; 25,203 ; 25,194 ; 25,204 ; 25,187 ; 25,172 ; 25,154 ; 25,155 ; 25,119 ; 25,129 ; 25,100 ; 25,099 ; 25,101 ; 25,096 ; 25,077 ; 25,071 ; 25,029 ; 25,048 ; 25,040 ; 25,026 ; 25,011 ; 24,991 ; 24,960 ; 24,976 ; 24,971 ; 24,935 ; 24,931 ; 24,917 ; 24,921 ; 24,903 ; 24,904 ; 24,890 ; 24,870 ; 24,856 ; 24,857 ; 24,832 ; 24,812 ; 24,824 ; 24,807 ; 24,775 ; 24,774 ; 24,763 ; 24,746 ; 24,737 ; 24,743 ; 24,725 ; 24,701 ; 24,715 ; 24,692 ; 24,679 ; 24,684 ; 24,654 ; 24,641 ; 24,658 ; 24,642 ; 24,637 ; 24,625 ; 
26,285 ; 26,290 ; 26,276 ; 26,248 ; 26,247 ; 26,229 ; 26,230 ; 26,229 ; 26,204 ; 26,185 ; 26,196 ; 26,167 ; 26,155 ; 26,165 ; 26,135 ; 26,147 ; 26,128 ; 26,110 ; 26,118 ; 26,089 ; 26,098 ; 26,087 ; 26,067 ; 26,043 ; 26,066 ; 26,025 ; 25,886 ; 25,671 ; 25,464 ; 25,394 ; 25,386 ; 25,387 ; 25,378 ; 25,352 ; 25,325 ; 25,321 ; 25,325 ; 25,315 ; 25,307 ; 25,290 ; 25,288 ; 25,246 ; 25,270 ; 25,252 ; 25,218 ; 25,230 ; 25,221 ; 25,215 ; 25,182 ; 25,172 ; 25,174 ; 25,145 ; 25,152 ; 25,124 ; 25,135 ; 25,101 ; 25,099 ; 25,075 ; 25,093 ; 25,077 ; 25,060 ; 25,053 ; 25,017 ; 25,016 ; 25,005 ; 24,995 ; 24,979 ; 24,972 ; 24,955 ; 24,959 ; 24,952 ; 24,935 ; 24,906 ; 24,918 ; 24,882 ; 24,886 ; 24,870 ; 24,845 ; 24,854 ; 24,827 ; 24,839 ; 24,800 ; 24,809 ; 24,799 ; 24,788 ; 24,763 ; 24,749 ; 24,765 ; 24,752 ; 24,728 ; 24,710 ; 24,703 ; 24,710 ; 24,698 ; 24,698 ; 24,680 ; 24,679 ; 24,655 ; 24,649 ; 24,653 ; 
26,308 ; 26,308 ; 26,287 ; 26,271 ; 26,266 ; 26,259 ; 26,236 ; 26,251 ; 26,224 ; 26,210 ; 26,193 ; 26,192 ; 26,197 ; 26,184 ; 26,174 ; 26,156 ; 26,147 ; 26,142 ; 26,015 ; 25,837 ; 25,684 ; 25,500 ; 25,468 ; 25,474 ; 25,469 ; 25,450 ; 25,452 ; 25,442 ; 25,417 ; 25,396 ; 25,390 ; 25,380 ; 25,390 ; 25,364 ; 25,354 ; 25,360 ; 25,346 ; 25,337 ; 25,323 ; 25,299 ; 25,284 ; 25,273 ; 25,272 ; 25,273 ; 25,246 ; 25,247 ; 25,216 ; 25,205 ; 25,201 ; 25,204 ; 25,186 ; 25,180 ; 25,175 ; 25,160 ; 25,126 ; 25,132 ; 25,132 ; 25,123 ; 25,099 ; 25,097 ; 25,078 ; 25,065 ; 25,057 ; 25,048 ; 25,034 ; 25,014 ; 25,021 ; 24,991 ; 24,996 ; 24,962 ; 24,977 ; 24,948 ; 24,939 ; 24,941 ; 24,919 ; 24,903 ; 24,897 ; 24,874 ; 24,872 ; 24,861 ; 24,862 ; 24,862 ; 24,825 ; 24,825 ; 24,823 ; 24,800 ; 24,801 ; 24,765 ; 24,771 ; 24,750 ; 24,740 ; 24,723 ; 24,728 ; 24,711 ; 24,702 ; 24,717 ; 24,688 ; 24,672 ; 24,665 ; 24,664 ; 
26,324 ; 26,313 ; 26,299 ; 26,312 ; 26,282 ; 26,300 ; 26,283 ; 26,285 ; 26,250 ; 26,259 ; 26,137 ; 25,972 ; 25,764 ; 25,626 ; 25,603 ; 25,564 ; 25,565 ; 25,542 ; 25,538 ; 25,558 ; 25,533 ; 25,506 ; 25,495 ; 25,482 ; 25,468 ; 25,472 ; 25,464 ; 25,463 ; 25,439 ; 25,413 ; 25,433 ; 25,418 ; 25,390 ; 25,380 ; 25,393 ; 25,354 ; 25,354 ; 25,344 ; 25,345 ; 25,323 ; 25,299 ; 25,299 ; 25,298 ; 25,265 ; 25,282 ; 25,250 ; 25,242 ; 25,225 ; 25,239 ; 25,209 ; 25,213 ; 25,181 ; 25,181 ; 25,175 ; 25,146 ; 25,163 ; 25,154 ; 25,138 ; 25,119 ; 25,099 ; 25,099 ; 25,069 ; 25,069 ; 25,053 ; 25,038 ; 25,050 ; 25,038 ; 25,016 ; 24,998 ; 25,004 ; 24,999 ; 24,977 ; 24,970 ; 24,958 ; 24,945 ; 24,935 ; 24,922 ; 24,896 ; 24,898 ; 24,876 ; 24,880 ; 24,861 ; 24,847 ; 24,852 ; 24,833 ; 24,812 ; 24,793 ; 24,783 ; 24,781 ; 24,764 ; 24,780 ; 24,750 ; 24,741 ; 24,733 ; 24,722 ; 24,705 ; 24,698 ; 24,688 ; 24,705 ; 24,696 ; 
26,351 ; 26,339 ; 26,266 ; 26,028 ; 25,877 ; 25,763 ; 25,700 ; 25,665 ; 25,664 ; 25,662 ; 25,648 ; 25,633 ; 25,607 ; 25,617 ; 25,582 ; 25,578 ; 25,565 ; 25,571 ; 25,547 ; 25,556 ; 25,527 ; 25,522 ; 25,516 ; 25,518 ; 25,482 ; 25,467 ; 25,455 ; 25,448 ; 25,443 ; 25,440 ; 25,418 ; 25,417 ; 25,415 ; 25,393 ; 25,403 ; 25,381 ; 25,382 ; 25,363 ; 25,350 ; 25,327 ; 25,316 ; 25,311 ; 25,311 ; 25,291 ; 25,293 ; 25,278 ; 25,264 ; 25,259 ; 25,235 ; 25,219 ; 25,225 ; 25,210 ; 25,200 ; 25,193 ; 25,180 ; 25,174 ; 25,142 ; 25,145 ; 25,117 ; 25,130 ; 25,088 ; 25,092 ; 25,093 ; 25,070 ; 25,059 ; 25,051 ; 25,032 ; 25,038 ; 25,019 ; 25,008 ; 24,988 ; 24,984 ; 24,976 ; 24,961 ; 24,945 ; 24,928 ; 24,907 ; 24,896 ; 24,886 ; 24,869 ; 24,870 ; 24,849 ; 24,842 ; 24,837 ; 24,813 ; 24,807 ; 24,783 ; 24,792 ; 24,783 ; 24,766 ; 24,754 ; 24,738 ; 24,737 ; 24,733 ; 24,717 ; 24,708 ; 24,697 ; 24,702 ; 24,701 ; 24,680 ; 
25,768 ; 25,767 ; 25,729 ; 25,734 ; 25,714 ; 25,721 ; 25,696 ; 25,690 ; 25,674 ; 25,659 ; 25,668 ; 25,654 ; 25,636 ; 25,619 ; 25,602 ; 25,605 ; 25,610 ; 25,573 ; 25,583 ; 25,549 ; 25,553 ; 25,523 ; 25,529 ; 25,511 ; 25,512 ; 25,486 ; 25,501 ; 25,473 ; 25,474 ; 25,443 ; 25,446 ; 25,424 ; 25,407 ; 25,426 ; 25,407 ; 25,391 ; 25,374 ; 25,363 ; 25,348 ; 25,331 ; 25,347 ; 25,335 ; 25,305 ; 25,291 ; 25,298 ; 25,289 ; 25,283 ; 25,253 ; 25,258 ; 25,229 ; 25,231 ; 25,213 ; 25,213 ; 25,198 ; 25,176 ; 25,185 ; 25,175 ; 25,141 ; 25,146 ; 25,127 ; 25,102 ; 25,108 ; 25,106 ; 25,068 ; 25,066 ; 25,047 ; 25,052 ; 25,041 ; 25,009 ; 25,023 ; 25,007 ; 24,979 ; 24,986 ; 24,956 ; 24,948 ; 24,958 ; 24,925 ; 24,916 ; 24,917 ; 24,910 ; 24,901 ; 24,882 ; 24,876 ; 24,844 ; 24,845 ; 24,830 ; 24,814 ; 24,806 ; 24,802 ; 24,781 ; 24,780 ; 24,760 ; 24,752 ; 24,763 ; 24,751 ; 24,738 ; 24,725 ; 24,715 ; 24,714 ; 24,709 ; 
25,769 ; 25,763 ; 25,764 ; 25,743 ; 25,746 ; 25,740 ; 25,709 ; 25,702 ; 25,683 ; 25,676 ; 25,669 ; 25,676 ; 25,654 ; 25,633 ; 25,619 ; 25,609 ; 25,613 ; 25,599 ; 25,585 ; 25,568 ; 25,555 ; 25,555 ; 25,549 ; 25,524 ; 25,524 ; 25,499 ; 25,506 ; 25,484 ; 25,476 ; 25,484 ; 25,452 ; 25,461 ; 25,451 ; 25,433 ; 25,408 ; 25,409 ; 25,403 ; 25,384 ; 25,359 ; 25,369 ; 25,356 ; 25,339 ; 25,348 ; 25,313 ; 25,305 ; 25,293 ; 25,297 ; 25,270 ; 25,284 ; 25,266 ; 25,239 ; 25,229 ; 25,216 ; 25,215 ; 25,212 ; 25,191 ; 25,172 ; 25,181 ; 25,155 ; 25,136 ; 25,125 ; 25,108 ; 25,120 ; 25,114 ; 25,084 ; 25,076 ; 25,070 ; 25,047 ; 25,046 ; 25,021 ; 25,035 ; 25,032 ; 25,010 ; 24,985 ; 24,970 ; 24,961 ; 24,958 ; 24,931 ; 24,922 ; 24,919 ; 24,924 ; 24,921 ; 24,903 ; 24,890 ; 24,880 ; 24,867 ; 24,848 ; 24,833 ; 24,818 ; 24,801 ; 24,813 ; 24,778 ; 24,765 ; 24,787 ; 24,783 ; 24,768 ; 24,744 ; 24,733 ; 24,749 ; 24,750 ; 
25,806 ; 25,809 ; 25,791 ; 25,793 ; 25,764 ; 25,755 ; 25,736 ; 25,743 ; 25,729 ; 25,720 ; 25,690 ; 25,681 ; 25,666 ; 25,640 ; 25,658 ; 25,631 ; 25,631 ; 25,607 ; 25,596 ; 25,579 ; 25,590 ; 25,554 ; 25,543 ; 25,529 ; 25,528 ; 25,530 ; 25,515 ; 25,511 ; 25,484 ; 25,462 ; 25,448 ; 25,469 ; 25,431 ; 25,423 ; 25,432 ; 25,413 ; 25,402 ; 25,376 ; 25,369 ; 25,364 ; 25,365 ; 25,359 ; 25,334 ; 25,329 ; 25,316 ; 25,315 ; 25,282 ; 25,272 ; 25,282 ; 25,277 ; 25,248 ; 25,254 ; 25,229 ; 25,223 ; 25,213 ; 25,199 ; 25,180 ; 25,176 ; 25,182 ; 25,162 ; 25,136 ; 25,139 ; 25,119 ; 25,102 ; 25,096 ; 25,096 ; 25,072 ; 25,063 ; 25,053 ; 25,060 ; 25,033 ; 25,027 ; 25,022 ; 25,013 ; 24,996 ; 24,994 ; 24,964 ; 24,962 ; 24,941 ; 24,935 ; 24,927 ; 24,929 ; 24,901 ; 24,891 ; 24,893 ; 24,875 ; 24,872 ; 24,860 ; 24,839 ; 24,838 ; 24,849 ; 25,069 ; 25,138 ; 25,320 ; 25,394 ; 25,396 ; 25,387 ; 25,390 ; 25,384 ; 25,382 ; 
25,792 ; 25,793 ; 25,780 ; 25,774 ; 25,761 ; 25,730 ; 25,745 ; 25,734 ; 25,717 ; 25,684 ; 25,694 ; 25,672 ; 25,672 ; 25,653 ; 25,636 ; 25,644 ; 25,614 ; 25,598 ; 25,582 ; 25,580 ; 25,567 ; 25,561 ; 25,556 ; 25,537 ; 25,528 ; 25,522 ; 25,510 ; 25,499 ; 25,484 ; 25,484 ; 25,462 ; 25,467 ; 25,449 ; 25,440 ; 25,418 ; 25,429 ; 25,425 ; 25,402 ; 25,399 ; 25,384 ; 25,357 ; 25,363 ; 25,363 ; 25,335 ; 25,331 ; 25,328 ; 25,308 ; 25,295 ; 25,277 ; 25,288 ; 25,278 ; 25,248 ; 25,246 ; 25,237 ; 25,223 ; 25,213 ; 25,199 ; 25,168 ; 25,156 ; 25,151 ; 25,166 ; 25,120 ; 25,109 ; 25,113 ; 25,097 ; 25,092 ; 25,082 ; 25,047 ; 25,056 ; 25,021 ; 25,034 ; 25,025 ; 25,003 ; 24,985 ; 24,968 ; 24,962 ; 24,954 ; 24,948 ; 24,916 ; 24,909 ; 24,887 ; 24,897 ; 24,901 ; 25,057 ; 25,282 ; 25,400 ; 25,454 ; 25,424 ; 25,432 ; 25,417 ; 25,418 ; 25,390 ; 25,397 ; 25,386 ; 25,357 ; 25,339 ; 25,348 ; 25,358 ; 25,334 ; 25,308 ; 
25,781 ; 25,797 ; 25,789 ; 25,745 ; 25,766 ; 25,756 ; 25,744 ; 25,719 ; 25,719 ; 25,687 ; 25,689 ; 25,670 ; 25,654 ; 25,663 ; 25,638 ; 25,640 ; 25,622 ; 25,604 ; 25,604 ; 25,601 ; 25,590 ; 25,556 ; 25,547 ; 25,556 ; 25,547 ; 25,533 ; 25,523 ; 25,517 ; 25,491 ; 25,494 ; 25,467 ; 25,461 ; 25,442 ; 25,448 ; 25,443 ; 25,407 ; 25,418 ; 25,402 ; 25,380 ; 25,387 ; 25,364 ; 25,353 ; 25,352 ; 25,322 ; 25,326 ; 25,305 ; 25,285 ; 25,271 ; 25,261 ; 25,272 ; 25,267 ; 25,243 ; 25,225 ; 25,236 ; 25,219 ; 25,207 ; 25,201 ; 25,164 ; 25,169 ; 25,143 ; 25,138 ; 25,126 ; 25,136 ; 25,120 ; 25,080 ; 25,080 ; 25,081 ; 25,071 ; 25,044 ; 25,046 ; 25,015 ; 25,017 ; 24,998 ; 24,999 ; 24,979 ; 25,031 ; 25,185 ; 25,353 ; 25,500 ; 25,533 ; 25,513 ; 25,511 ; 25,493 ; 25,489 ; 25,487 ; 25,457 ; 25,472 ; 25,461 ; 25,452 ; 25,419 ; 25,423 ; 25,399 ; 25,400 ; 25,381 ; 25,372 ; 25,371 ; 25,376 ; 25,366 ; 25,357 ; 25,339 ; 
25,812 ; 25,799 ; 25,761 ; 25,778 ; 25,756 ; 25,761 ; 25,746 ; 25,731 ; 25,705 ; 25,691 ; 25,674 ; 25,665 ; 25,658 ; 25,647 ; 25,666 ; 25,640 ; 25,616 ; 25,616 ; 25,592 ; 25,602 ; 25,602 ; 25,556 ; 25,548 ; 25,562 ; 25,550 ; 25,513 ; 25,528 ; 25,500 ; 25,505 ; 25,481 ; 25,461 ; 25,458 ; 25,449 ; 25,457 ; 25,419 ; 25,415 ; 25,400 ; 25,400 ; 25,382 ; 25,366 ; 25,384 ; 25,366 ; 25,329 ; 25,320 ; 25,325 ; 25,297 ; 25,305 ; 25,291 ; 25,279 ; 25,273 ; 25,246 ; 25,246 ; 25,242 ; 25,219 ; 25,212 ; 25,187 ; 25,181 ; 25,182 ; 25,172 ; 25,168 ; 25,135 ; 25,124 ; 25,107 ; 25,114 ; 25,082 ; 25,080 ; 25,059 ; 25,041 ; 25,207 ; 25,335 ; 25,562 ; 25,616 ; 25,625 ; 25,604 ; 25,599 ; 25,599 ; 25,582 ; 25,554 ; 25,554 ; 25,546 ; 25,528 ; 25,509 ; 25,501 ; 25,505 ; 25,489 ; 25,480 ; 25,467 ; 25,454 ; 25,450 ; 25,439 ; 25,417 ; 25,406 ; 25,402 ; 25,380 ; 25,383 ; 25,365 ; 25,381 ; 25,368 ; 25,335 ; 25,335 ; 
25,754 ; 25,751 ; 25,752 ; 25,725 ; 25,720 ; 25,723 ; 25,709 ; 25,700 ; 25,687 ; 25,659 ; 25,645 ; 25,640 ; 25,641 ; 25,621 ; 25,631 ; 25,596 ; 25,595 ; 25,597 ; 25,560 ; 25,556 ; 25,544 ; 25,543 ; 25,528 ; 25,537 ; 25,521 ; 25,516 ; 25,484 ; 25,476 ; 25,456 ; 25,450 ; 25,450 ; 25,451 ; 25,424 ; 25,419 ; 25,400 ; 25,395 ; 25,396 ; 25,381 ; 25,384 ; 25,369 ; 25,340 ; 25,353 ; 25,344 ; 25,325 ; 25,299 ; 25,297 ; 25,285 ; 25,289 ; 25,278 ; 25,254 ; 25,239 ; 25,229 ; 25,242 ; 25,210 ; 25,198 ; 25,200 ; 25,181 ; 25,168 ; 25,170 ; 25,156 ; 25,115 ; 25,380 ; 25,516 ; 25,676 ; 25,719 ; 25,693 ; 25,706 ; 25,681 ; 25,668 ; 25,647 ; 25,650 ; 25,660 ; 25,633 ; 25,632 ; 25,599 ; 25,608 ; 25,582 ; 25,586 ; 25,561 ; 25,552 ; 25,555 ; 25,533 ; 25,531 ; 25,493 ; 25,511 ; 25,493 ; 25,488 ; 25,478 ; 25,448 ; 25,436 ; 25,450 ; 25,435 ; 25,426 ; 25,420 ; 25,395 ; 25,369 ; 25,381 ; 25,382 ; 25,374 ; 25,340 ; 
25,783 ; 25,744 ; 25,750 ; 25,750 ; 25,726 ; 25,725 ; 25,714 ; 25,708 ; 25,672 ; 25,672 ; 25,658 ; 25,644 ; 25,651 ; 25,644 ; 25,603 ; 25,605 ; 25,610 ; 25,576 ; 25,564 ; 25,558 ; 25,535 ; 25,555 ; 25,548 ; 25,535 ; 25,500 ; 25,495 ; 25,478 ; 25,473 ; 25,454 ; 25,467 ; 25,449 ; 25,449 ; 25,421 ; 25,421 ; 25,391 ; 25,386 ; 25,372 ; 25,360 ; 25,370 ; 25,358 ; 25,327 ; 25,328 ; 25,322 ; 25,296 ; 25,285 ; 25,271 ; 25,272 ; 25,276 ; 25,261 ; 25,243 ; 25,225 ; 25,218 ; 25,205 ; 25,289 ; 25,493 ; 25,599 ; 25,764 ; 25,772 ; 25,763 ; 25,756 ; 25,733 ; 25,727 ; 25,702 ; 25,702 ; 25,690 ; 25,680 ; 25,678 ; 25,651 ; 25,658 ; 25,623 ; 25,629 ; 25,617 ; 25,587 ; 25,597 ; 25,582 ; 25,576 ; 25,566 ; 25,564 ; 25,528 ; 25,525 ; 25,525 ; 25,491 ; 25,481 ; 25,480 ; 25,464 ; 25,457 ; 25,456 ; 25,451 ; 25,425 ; 25,411 ; 25,397 ; 25,391 ; 25,381 ; 25,384 ; 25,382 ; 25,371 ; 25,344 ; 25,358 ; 25,348 ; 25,323 ; 
25,792 ; 25,806 ; 25,770 ; 25,775 ; 25,766 ; 25,752 ; 25,746 ; 25,717 ; 25,691 ; 25,708 ; 25,690 ; 25,670 ; 25,658 ; 25,666 ; 25,646 ; 25,625 ; 25,614 ; 25,613 ; 25,617 ; 25,585 ; 25,592 ; 25,573 ; 25,568 ; 25,554 ; 25,542 ; 25,525 ; 25,522 ; 25,494 ; 25,479 ; 25,492 ; 25,462 ; 25,463 ; 25,436 ; 25,445 ; 25,413 ; 25,421 ; 25,390 ; 25,372 ; 25,370 ; 25,359 ; 25,363 ; 25,338 ; 25,333 ; 25,309 ; 25,305 ; 25,407 ; 25,420 ; 25,577 ; 25,844 ; 25,856 ; 25,859 ; 25,862 ; 25,827 ; 25,810 ; 25,806 ; 25,791 ; 25,785 ; 25,769 ; 25,748 ; 25,761 ; 25,756 ; 25,746 ; 25,714 ; 25,718 ; 25,696 ; 25,688 ; 25,696 ; 25,677 ; 25,660 ; 25,652 ; 25,619 ; 25,607 ; 25,609 ; 25,585 ; 25,591 ; 25,561 ; 25,556 ; 25,536 ; 25,547 ; 25,538 ; 25,519 ; 25,495 ; 25,504 ; 25,495 ; 25,463 ; 25,455 ; 25,437 ; 25,444 ; 25,427 ; 25,431 ; 25,406 ; 25,413 ; 25,396 ; 25,384 ; 25,357 ; 25,338 ; 25,341 ; 25,345 ; 25,339 ; 25,314 ; 
25,801 ; 25,794 ; 25,786 ; 25,763 ; 25,752 ; 25,744 ; 25,749 ; 25,742 ; 25,727 ; 25,724 ; 25,684 ; 25,683 ; 25,687 ; 25,656 ; 25,634 ; 25,647 ; 25,610 ; 25,602 ; 25,592 ; 25,591 ; 25,570 ; 25,558 ; 25,548 ; 25,533 ; 25,528 ; 25,513 ; 25,501 ; 25,512 ; 25,484 ; 25,468 ; 25,457 ; 25,467 ; 25,443 ; 25,443 ; 25,423 ; 25,414 ; 25,388 ; 25,380 ; 25,547 ; 25,723 ; 25,927 ; 25,951 ; 25,957 ; 25,946 ; 25,930 ; 25,919 ; 25,897 ; 25,895 ; 25,896 ; 25,862 ; 25,871 ; 25,848 ; 25,829 ; 25,817 ; 25,819 ; 25,801 ; 25,805 ; 25,774 ; 25,783 ; 25,770 ; 25,754 ; 25,727 ; 25,718 ; 25,734 ; 25,715 ; 25,687 ; 25,696 ; 25,687 ; 25,676 ; 25,641 ; 25,656 ; 25,636 ; 25,628 ; 25,596 ; 25,611 ; 25,589 ; 25,572 ; 25,574 ; 25,570 ; 25,533 ; 25,525 ; 25,511 ; 25,516 ; 25,489 ; 25,488 ; 25,485 ; 25,461 ; 25,452 ; 25,458 ; 25,425 ; 25,418 ; 25,400 ; 25,407 ; 25,406 ; 25,382 ; 25,394 ; 25,359 ; 25,359 ; 25,354 ; 25,354 ; 
25,789 ; 25,793 ; 25,773 ; 25,767 ; 25,750 ; 25,748 ; 25,727 ; 25,696 ; 25,689 ; 25,700 ; 25,694 ; 25,656 ; 25,669 ; 25,654 ; 25,623 ; 25,620 ; 25,619 ; 25,616 ; 25,591 ; 25,583 ; 25,583 ; 25,538 ; 25,533 ; 25,543 ; 25,528 ; 25,509 ; 25,487 ; 25,464 ; 25,468 ; 25,449 ; 25,491 ; 25,663 ; 25,816 ; 26,031 ; 26,028 ; 26,002 ; 25,999 ; 25,999 ; 25,985 ; 25,958 ; 25,962 ; 25,947 ; 25,923 ; 25,904 ; 25,911 ; 25,895 ; 25,883 ; 25,887 ; 25,853 ; 25,868 ; 25,848 ; 25,837 ; 25,832 ; 25,799 ; 25,805 ; 25,791 ; 25,781 ; 25,742 ; 25,755 ; 25,748 ; 25,727 ; 25,709 ; 25,713 ; 25,697 ; 25,675 ; 25,670 ; 25,645 ; 25,653 ; 25,635 ; 25,607 ; 25,613 ; 25,602 ; 25,573 ; 25,570 ; 25,567 ; 25,544 ; 25,531 ; 25,542 ; 25,534 ; 25,516 ; 25,512 ; 25,485 ; 25,473 ; 25,457 ; 25,451 ; 25,451 ; 25,452 ; 25,445 ; 25,435 ; 25,432 ; 25,408 ; 25,412 ; 25,382 ; 25,375 ; 25,387 ; 25,365 ; 25,356 ; 25,369 ; 25,358 ; 25,334 ; 
25,775 ; 25,760 ; 25,762 ; 25,736 ; 25,737 ; 25,730 ; 25,724 ; 25,688 ; 25,676 ; 25,683 ; 25,682 ; 25,647 ; 25,647 ; 25,635 ; 25,621 ; 25,597 ; 25,579 ; 25,578 ; 25,555 ; 25,558 ; 25,558 ; 25,528 ; 25,540 ; 25,685 ; 25,916 ; 26,055 ; 26,086 ; 26,095 ; 26,083 ; 26,046 ; 26,062 ; 26,036 ; 26,012 ; 26,008 ; 25,995 ; 26,001 ; 25,994 ; 25,976 ; 25,956 ; 25,950 ; 25,930 ; 25,945 ; 25,934 ; 25,910 ; 25,921 ; 25,899 ; 25,873 ; 25,870 ; 25,850 ; 25,842 ; 25,850 ; 25,819 ; 25,822 ; 25,816 ; 25,786 ; 25,769 ; 25,781 ; 25,756 ; 25,756 ; 25,756 ; 25,720 ; 25,737 ; 25,706 ; 25,699 ; 25,666 ; 25,670 ; 25,682 ; 25,663 ; 25,653 ; 25,635 ; 25,622 ; 25,603 ; 25,605 ; 25,566 ; 25,579 ; 25,562 ; 25,549 ; 25,538 ; 25,528 ; 25,523 ; 25,501 ; 25,488 ; 25,475 ; 25,466 ; 25,469 ; 25,460 ; 25,437 ; 25,437 ; 25,407 ; 25,417 ; 25,403 ; 25,377 ; 25,364 ; 25,380 ; 25,362 ; 25,357 ; 25,332 ; 25,322 ; 25,331 ; 25,316 ; 
25,780 ; 25,773 ; 25,776 ; 25,756 ; 25,738 ; 25,743 ; 25,720 ; 25,711 ; 25,699 ; 25,674 ; 25,678 ; 25,642 ; 25,636 ; 25,648 ; 25,622 ; 25,721 ; 25,908 ; 26,057 ; 26,193 ; 26,167 ; 26,175 ; 26,152 ; 26,147 ; 26,150 ; 26,141 ; 26,136 ; 26,121 ; 26,106 ; 26,075 ; 26,069 ; 26,077 ; 26,058 ; 26,051 ; 26,044 ; 26,021 ; 26,003 ; 26,020 ; 25,985 ; 25,983 ; 25,983 ; 25,974 ; 25,944 ; 25,950 ; 25,941 ; 25,908 ; 25,910 ; 25,909 ; 25,879 ; 25,885 ; 25,874 ; 25,862 ; 25,840 ; 25,841 ; 25,813 ; 25,824 ; 25,817 ; 25,776 ; 25,781 ; 25,786 ; 25,780 ; 25,755 ; 25,744 ; 25,738 ; 25,708 ; 25,693 ; 25,705 ; 25,688 ; 25,671 ; 25,658 ; 25,644 ; 25,628 ; 25,623 ; 25,633 ; 25,613 ; 25,582 ; 25,599 ; 25,586 ; 25,568 ; 25,564 ; 25,555 ; 25,547 ; 25,516 ; 25,503 ; 25,511 ; 25,485 ; 25,464 ; 25,461 ; 25,469 ; 25,431 ; 25,426 ; 25,429 ; 25,429 ; 25,417 ; 25,360 ; 25,168 ; 25,003 ; 24,870 ; 24,781 ; 24,744 ; 24,743 ; 
25,782 ; 25,789 ; 25,762 ; 25,744 ; 25,724 ; 25,709 ; 25,730 ; 25,723 ; 25,871 ; 26,083 ; 26,285 ; 26,282 ; 26,256 ; 26,252 ; 26,245 ; 26,227 ; 26,236 ; 26,221 ; 26,185 ; 26,180 ; 26,191 ; 26,167 ; 26,159 ; 26,158 ; 26,130 ; 26,132 ; 26,128 ; 26,113 ; 26,080 ; 26,091 ; 26,080 ; 26,062 ; 26,039 ; 26,031 ; 26,051 ; 26,036 ; 26,031 ; 26,011 ; 25,982 ; 26,001 ; 25,979 ; 25,968 ; 25,945 ; 25,952 ; 25,940 ; 25,922 ; 25,901 ; 25,883 ; 25,902 ; 25,887 ; 25,862 ; 25,865 ; 25,856 ; 25,821 ; 25,837 ; 25,817 ; 25,804 ; 25,792 ; 25,789 ; 25,756 ; 25,764 ; 25,755 ; 25,736 ; 25,717 ; 25,727 ; 25,715 ; 25,700 ; 25,688 ; 25,680 ; 25,670 ; 25,654 ; 25,627 ; 25,641 ; 25,609 ; 25,611 ; 25,603 ; 25,580 ; 25,571 ; 25,577 ; 25,570 ; 25,549 ; 25,513 ; 25,534 ; 25,529 ; 25,499 ; 25,509 ; 25,419 ; 25,144 ; 24,989 ; 24,844 ; 24,847 ; 24,825 ; 24,815 ; 24,789 ; 24,786 ; 24,776 ; 24,778 ; 24,751 ; 24,737 ; 24,738 ; 
26,034 ; 26,167 ; 26,337 ; 26,339 ; 26,338 ; 26,340 ; 26,328 ; 26,312 ; 26,301 ; 26,303 ; 26,278 ; 26,265 ; 26,252 ; 26,238 ; 26,244 ; 26,234 ; 26,216 ; 26,211 ; 26,196 ; 26,191 ; 26,166 ; 26,160 ; 26,141 ; 26,149 ; 26,140 ; 26,135 ; 26,107 ; 26,094 ; 26,088 ; 26,100 ; 26,089 ; 26,051 ; 26,069 ; 26,054 ; 26,018 ; 26,007 ; 26,002 ; 26,019 ; 25,993 ; 25,990 ; 25,987 ; 25,941 ; 25,942 ; 25,951 ; 25,942 ; 25,927 ; 25,920 ; 25,893 ; 25,903 ; 25,886 ; 25,868 ; 25,871 ; 25,864 ; 25,840 ; 25,822 ; 25,809 ; 25,822 ; 25,789 ; 25,776 ; 25,775 ; 25,775 ; 25,757 ; 25,751 ; 25,721 ; 25,742 ; 25,723 ; 25,701 ; 25,688 ; 25,693 ; 25,676 ; 25,676 ; 25,636 ; 25,648 ; 25,648 ; 25,610 ; 25,626 ; 25,616 ; 25,605 ; 25,528 ; 25,302 ; 25,113 ; 24,959 ; 24,939 ; 24,925 ; 24,913 ; 24,898 ; 24,904 ; 24,886 ; 24,866 ; 24,868 ; 24,849 ; 24,833 ; 24,812 ; 24,808 ; 24,812 ; 24,801 ; 24,782 ; 24,774 ; 24,756 ; 24,752 ; 
26,381 ; 26,391 ; 26,367 ; 26,349 ; 26,358 ; 26,346 ; 26,337 ; 26,300 ; 26,295 ; 26,309 ; 26,293 ; 26,262 ; 26,273 ; 26,257 ; 26,240 ; 26,227 ; 26,217 ; 26,207 ; 26,216 ; 26,179 ; 26,174 ; 26,174 ; 26,170 ; 26,150 ; 26,130 ; 26,122 ; 26,126 ; 26,126 ; 26,110 ; 26,086 ; 26,075 ; 26,067 ; 26,067 ; 26,061 ; 26,044 ; 26,023 ; 26,014 ; 26,024 ; 25,991 ; 25,989 ; 25,995 ; 25,972 ; 25,958 ; 25,968 ; 25,929 ; 25,947 ; 25,928 ; 25,919 ; 25,909 ; 25,884 ; 25,895 ; 25,884 ; 25,871 ; 25,860 ; 25,843 ; 25,840 ; 25,799 ; 25,810 ; 25,799 ; 25,794 ; 25,782 ; 25,773 ; 25,746 ; 25,733 ; 25,724 ; 25,701 ; 25,718 ; 25,689 ; 25,669 ; 25,683 ; 25,680 ; 25,620 ; 25,464 ; 25,201 ; 25,020 ; 24,991 ; 24,978 ; 24,949 ; 24,965 ; 24,943 ; 24,913 ; 24,907 ; 24,903 ; 24,894 ; 24,860 ; 24,844 ; 24,854 ; 24,825 ; 24,830 ; 24,823 ; 24,786 ; 24,770 ; 24,766 ; 24,770 ; 24,758 ; 24,726 ; 24,720 ; 24,700 ; 24,721 ; 24,692 ; 
26,403 ; 26,404 ; 26,375 ; 26,355 ; 26,362 ; 26,336 ; 26,321 ; 26,315 ; 26,317 ; 26,293 ; 26,277 ; 26,289 ; 26,281 ; 26,259 ; 26,236 ; 26,245 ; 26,235 ; 26,232 ; 26,193 ; 26,204 ; 26,175 ; 26,158 ; 26,147 ; 26,161 ; 26,130 ; 26,117 ; 26,104 ; 26,104 ; 26,095 ; 26,085 ; 26,085 ; 26,075 ; 26,073 ; 26,048 ; 26,040 ; 26,018 ; 26,011 ; 25,988 ; 26,000 ; 25,977 ; 25,958 ; 25,950 ; 25,934 ; 25,942 ; 25,945 ; 25,927 ; 25,922 ; 25,893 ; 25,878 ; 25,895 ; 25,883 ; 25,860 ; 25,855 ; 25,832 ; 25,821 ; 25,831 ; 25,813 ; 25,807 ; 25,799 ; 25,789 ; 25,775 ; 25,749 ; 25,740 ; 25,734 ; 25,663 ; 25,418 ; 25,155 ; 25,072 ; 25,059 ; 25,057 ; 25,056 ; 25,038 ; 25,026 ; 25,028 ; 25,016 ; 24,986 ; 24,985 ; 24,964 ; 24,956 ; 24,948 ; 24,928 ; 24,939 ; 24,918 ; 24,912 ; 24,887 ; 24,890 ; 24,878 ; 24,872 ; 24,860 ; 24,829 ; 24,838 ; 24,806 ; 24,811 ; 24,803 ; 24,794 ; 24,780 ; 24,777 ; 24,757 ; 24,747 ; 24,745 ; 
26,380 ; 26,401 ; 26,383 ; 26,357 ; 26,354 ; 26,361 ; 26,328 ; 26,314 ; 26,322 ; 26,294 ; 26,302 ; 26,295 ; 26,266 ; 26,252 ; 26,252 ; 26,227 ; 26,220 ; 26,236 ; 26,211 ; 26,205 ; 26,178 ; 26,190 ; 26,165 ; 26,168 ; 26,167 ; 26,146 ; 26,121 ; 26,109 ; 26,109 ; 26,085 ; 26,093 ; 26,066 ; 26,066 ; 26,044 ; 26,049 ; 26,028 ; 26,036 ; 26,030 ; 26,002 ; 26,001 ; 26,003 ; 25,984 ; 25,984 ; 25,950 ; 25,958 ; 25,951 ; 25,926 ; 25,930 ; 25,903 ; 25,903 ; 25,878 ; 25,868 ; 25,861 ; 25,858 ; 25,865 ; 25,834 ; 25,774 ; 25,705 ; 25,493 ; 25,256 ; 25,175 ; 25,154 ; 25,167 ; 25,132 ; 25,129 ; 25,123 ; 25,099 ; 25,108 ; 25,076 ; 25,099 ; 25,051 ; 25,043 ; 25,029 ; 25,045 ; 25,034 ; 24,997 ; 24,991 ; 24,973 ; 24,988 ; 24,950 ; 24,958 ; 24,934 ; 24,943 ; 24,930 ; 24,923 ; 24,882 ; 24,881 ; 24,893 ; 24,878 ; 24,839 ; 24,863 ; 24,836 ; 24,815 ; 24,801 ; 24,818 ; 24,780 ; 24,786 ; 24,769 ; 24,771 ; 24,749 ; 
26,393 ; 26,398 ; 26,386 ; 26,366 ; 26,363 ; 26,345 ; 26,331 ; 26,334 ; 26,326 ; 26,307 ; 26,282 ; 26,276 ; 26,265 ; 26,263 ; 26,245 ; 26,233 ; 26,219 ; 26,211 ; 26,223 ; 26,197 ; 26,205 ; 26,165 ; 26,158 ; 26,149 ; 26,129 ; 26,134 ; 26,122 ; 26,089 ; 26,086 ; 26,091 ; 26,080 ; 26,060 ; 26,052 ; 26,048 ; 26,044 ; 26,033 ; 26,006 ; 26,003 ; 25,991 ; 25,990 ; 25,971 ; 25,981 ; 25,981 ; 25,948 ; 25,933 ; 25,950 ; 25,940 ; 25,913 ; 25,904 ; 25,742 ; 25,633 ; 25,423 ; 25,276 ; 25,252 ; 25,233 ; 25,231 ; 25,205 ; 25,216 ; 25,195 ; 25,174 ; 25,167 ; 25,169 ; 25,149 ; 25,157 ; 25,137 ; 25,114 ; 25,107 ; 25,087 ; 25,084 ; 25,084 ; 25,046 ; 25,043 ; 25,031 ; 25,033 ; 25,011 ; 24,997 ; 25,005 ; 24,998 ; 24,980 ; 24,967 ; 24,937 ; 24,929 ; 24,925 ; 24,923 ; 24,916 ; 24,890 ; 24,875 ; 24,873 ; 24,864 ; 24,857 ; 24,820 ; 24,817 ; 24,808 ; 24,794 ; 24,793 ; 24,788 ; 24,774 ; 24,772 ; 24,764 ; 24,759 ; 
26,411 ; 26,411 ; 26,410 ; 26,377 ; 26,363 ; 26,350 ; 26,354 ; 26,342 ; 26,315 ; 26,303 ; 26,317 ; 26,297 ; 26,273 ; 26,290 ; 26,283 ; 26,259 ; 26,253 ; 26,235 ; 26,213 ; 26,223 ; 26,214 ; 26,174 ; 26,178 ; 26,166 ; 26,153 ; 26,161 ; 26,131 ; 26,132 ; 26,113 ; 26,123 ; 26,098 ; 26,099 ; 26,067 ; 26,066 ; 26,057 ; 26,050 ; 26,060 ; 26,050 ; 26,038 ; 26,028 ; 26,009 ; 25,907 ; 25,750 ; 25,627 ; 25,406 ; 25,356 ; 25,321 ; 25,335 ; 25,319 ; 25,302 ; 25,285 ; 25,298 ; 25,266 ; 25,264 ; 25,253 ; 25,224 ; 25,239 ; 25,224 ; 25,210 ; 25,191 ; 25,191 ; 25,178 ; 25,161 ; 25,142 ; 25,129 ; 25,112 ; 25,107 ; 25,112 ; 25,076 ; 25,072 ; 25,076 ; 25,072 ; 25,038 ; 25,028 ; 25,019 ; 25,023 ; 25,014 ; 24,980 ; 24,984 ; 24,979 ; 24,970 ; 24,935 ; 24,931 ; 24,921 ; 24,923 ; 24,915 ; 24,909 ; 24,897 ; 24,872 ; 24,863 ; 24,857 ; 24,819 ; 24,841 ; 24,821 ; 24,801 ; 24,808 ; 24,794 ; 24,796 ; 24,781 ; 24,777 ; 
26,406 ; 26,416 ; 26,415 ; 26,373 ; 26,367 ; 26,370 ; 26,369 ; 26,366 ; 26,333 ; 26,317 ; 26,332 ; 26,308 ; 26,297 ; 26,294 ; 26,283 ; 26,273 ; 26,251 ; 26,235 ; 26,234 ; 26,234 ; 26,223 ; 26,191 ; 26,203 ; 26,184 ; 26,189 ; 26,181 ; 26,162 ; 26,147 ; 26,142 ; 26,132 ; 26,116 ; 26,112 ; 26,113 ; 26,101 ; 25,909 ; 25,724 ; 25,570 ; 25,443 ; 25,431 ; 25,411 ; 25,396 ; 25,396 ; 25,393 ; 25,382 ; 25,365 ; 25,363 ; 25,331 ; 25,346 ; 25,327 ; 25,299 ; 25,299 ; 25,277 ; 25,261 ; 25,274 ; 25,264 ; 25,246 ; 25,239 ; 25,236 ; 25,216 ; 25,186 ; 25,205 ; 25,187 ; 25,162 ; 25,149 ; 25,133 ; 25,120 ; 25,101 ; 25,111 ; 25,089 ; 25,086 ; 25,093 ; 25,056 ; 25,058 ; 25,032 ; 25,039 ; 25,011 ; 25,005 ; 25,007 ; 24,989 ; 24,973 ; 24,954 ; 24,948 ; 24,948 ; 24,927 ; 24,913 ; 24,919 ; 24,884 ; 24,886 ; 24,868 ; 24,860 ; 24,862 ; 24,837 ; 24,826 ; 24,839 ; 24,813 ; 24,795 ; 24,789 ; 24,790 ; 24,769 ; 24,775 ; 
26,422 ; 26,430 ; 26,394 ; 26,400 ; 26,376 ; 26,371 ; 26,375 ; 26,356 ; 26,351 ; 26,336 ; 26,307 ; 26,302 ; 26,300 ; 26,299 ; 26,266 ; 26,257 ; 26,248 ; 26,253 ; 26,244 ; 26,233 ; 26,229 ; 26,221 ; 26,199 ; 26,181 ; 26,175 ; 26,172 ; 26,062 ; 25,879 ; 25,761 ; 25,604 ; 25,506 ; 25,489 ; 25,473 ; 25,481 ; 25,461 ; 25,457 ; 25,442 ; 25,436 ; 25,443 ; 25,401 ; 25,412 ; 25,387 ; 25,400 ; 25,362 ; 25,342 ; 25,357 ; 25,351 ; 25,321 ; 25,315 ; 25,320 ; 25,310 ; 25,286 ; 25,259 ; 25,255 ; 25,235 ; 25,244 ; 25,237 ; 25,213 ; 25,215 ; 25,203 ; 25,191 ; 25,163 ; 25,160 ; 25,142 ; 25,161 ; 25,126 ; 25,126 ; 25,121 ; 25,097 ; 25,080 ; 25,086 ; 25,056 ; 25,064 ; 25,038 ; 25,031 ; 25,021 ; 25,011 ; 24,985 ; 24,986 ; 24,966 ; 24,967 ; 24,960 ; 24,940 ; 24,928 ; 24,925 ; 24,923 ; 24,901 ; 24,888 ; 24,890 ; 24,886 ; 24,856 ; 24,842 ; 24,845 ; 24,832 ; 24,803 ; 24,806 ; 24,807 ; 24,790 ; 24,790 ; 24,789 ; 
26,430 ; 26,407 ; 26,401 ; 26,383 ; 26,366 ; 26,375 ; 26,355 ; 26,364 ; 26,331 ; 26,339 ; 26,322 ; 26,305 ; 26,311 ; 26,301 ; 26,271 ; 26,284 ; 26,269 ; 26,251 ; 26,239 ; 26,060 ; 25,864 ; 25,683 ; 25,610 ; 25,597 ; 25,571 ; 25,558 ; 25,567 ; 25,549 ; 25,542 ; 25,534 ; 25,495 ; 25,489 ; 25,489 ; 25,470 ; 25,467 ; 25,466 ; 25,458 ; 25,420 ; 25,414 ; 25,408 ; 25,405 ; 25,401 ; 25,380 ; 25,370 ; 25,356 ; 25,366 ; 25,348 ; 25,327 ; 25,313 ; 25,322 ; 25,314 ; 25,302 ; 25,282 ; 25,262 ; 25,256 ; 25,230 ; 25,249 ; 25,229 ; 25,201 ; 25,215 ; 25,187 ; 25,194 ; 25,157 ; 25,158 ; 25,137 ; 25,145 ; 25,131 ; 25,100 ; 25,100 ; 25,097 ; 25,076 ; 25,064 ; 25,070 ; 25,038 ; 25,035 ; 25,032 ; 25,025 ; 25,007 ; 25,007 ; 24,995 ; 24,978 ; 24,973 ; 24,946 ; 24,940 ; 24,943 ; 24,915 ; 24,904 ; 24,897 ; 24,894 ; 24,878 ; 24,855 ; 24,857 ; 24,831 ; 24,827 ; 24,818 ; 24,802 ; 24,793 ; 24,803 ; 24,776 ; 24,794 ; 
26,442 ; 26,432 ; 26,444 ; 26,424 ; 26,419 ; 26,391 ; 26,395 ; 26,394 ; 26,383 ; 26,352 ; 26,345 ; 26,197 ; 25,990 ; 25,831 ; 25,691 ; 25,681 ; 25,687 ; 25,684 ; 25,651 ; 25,651 ; 25,647 ; 25,615 ; 25,605 ; 25,596 ; 25,592 ; 25,599 ; 25,573 ; 25,571 ; 25,556 ; 25,536 ; 25,517 ; 25,513 ; 25,511 ; 25,505 ; 25,481 ; 25,482 ; 25,470 ; 25,462 ; 25,451 ; 25,439 ; 25,412 ; 25,397 ; 25,396 ; 25,394 ; 25,376 ; 25,380 ; 25,357 ; 25,332 ; 25,329 ; 25,340 ; 25,315 ; 25,304 ; 25,288 ; 25,274 ; 25,271 ; 25,272 ; 25,240 ; 25,233 ; 25,224 ; 25,207 ; 25,221 ; 25,193 ; 25,182 ; 25,181 ; 25,155 ; 25,161 ; 25,124 ; 25,124 ; 25,112 ; 25,101 ; 25,099 ; 25,096 ; 25,082 ; 25,056 ; 25,038 ; 25,023 ; 25,022 ; 25,002 ; 24,992 ; 24,990 ; 24,992 ; 24,980 ; 24,959 ; 24,961 ; 24,937 ; 24,931 ; 24,903 ; 24,898 ; 24,879 ; 24,893 ; 24,882 ; 24,876 ; 24,855 ; 24,824 ; 24,832 ; 24,827 ; 24,827 ; 24,813 ; 24,805 ; 24,803 ; 
26,459 ; 26,449 ; 26,432 ; 26,273 ; 26,128 ; 26,005 ; 25,893 ; 25,764 ; 25,744 ; 25,754 ; 25,737 ; 25,729 ; 25,713 ; 25,691 ; 25,696 ; 25,677 ; 25,659 ; 25,651 ; 25,638 ; 25,639 ; 25,635 ; 25,620 ; 25,593 ; 25,572 ; 25,593 ; 25,564 ; 25,568 ; 25,558 ; 25,543 ; 25,517 ; 25,530 ; 25,507 ; 25,506 ; 25,487 ; 25,481 ; 25,470 ; 25,448 ; 25,452 ; 25,438 ; 25,437 ; 25,395 ; 25,401 ; 25,388 ; 25,396 ; 25,368 ; 25,370 ; 25,347 ; 25,323 ; 25,332 ; 25,326 ; 25,308 ; 25,293 ; 25,286 ; 25,271 ; 25,261 ; 25,250 ; 25,256 ; 25,235 ; 25,230 ; 25,198 ; 25,187 ; 25,203 ; 25,172 ; 25,152 ; 25,154 ; 25,149 ; 25,135 ; 25,139 ; 25,106 ; 25,090 ; 25,082 ; 25,066 ; 25,069 ; 25,071 ; 25,041 ; 25,033 ; 25,037 ; 25,003 ; 25,014 ; 24,980 ; 24,966 ; 24,958 ; 24,962 ; 24,949 ; 24,928 ; 24,913 ; 24,910 ; 24,906 ; 24,892 ; 24,897 ; 24,882 ; 24,856 ; 24,855 ; 24,827 ; 24,829 ; 24,821 ; 24,813 ; 24,814 ; 24,786 ; 24,801 ; 
25,832 ; 25,807 ; 25,818 ; 25,813 ; 25,811 ; 25,786 ; 25,783 ; 25,776 ; 25,756 ; 25,743 ; 25,714 ; 25,729 ; 25,708 ; 25,707 ; 25,672 ; 25,690 ; 25,657 ; 25,669 ; 25,627 ; 25,641 ; 25,634 ; 25,623 ; 25,591 ; 25,577 ; 25,572 ; 25,578 ; 25,567 ; 25,534 ; 25,524 ; 25,518 ; 25,534 ; 25,499 ; 25,491 ; 25,488 ; 25,474 ; 25,473 ; 25,450 ; 25,438 ; 25,443 ; 25,409 ; 25,411 ; 25,395 ; 25,387 ; 25,377 ; 25,362 ; 25,370 ; 25,371 ; 25,350 ; 25,320 ; 25,323 ; 25,308 ; 25,280 ; 25,270 ; 25,262 ; 25,276 ; 25,249 ; 25,261 ; 25,247 ; 25,216 ; 25,201 ; 25,198 ; 25,209 ; 25,185 ; 25,172 ; 25,169 ; 25,131 ; 25,126 ; 25,105 ; 25,131 ; 25,088 ; 25,093 ; 25,088 ; 25,075 ; 25,059 ; 25,029 ; 25,027 ; 25,017 ; 24,998 ; 24,986 ; 24,996 ; 24,983 ; 24,945 ; 24,946 ; 24,930 ; 24,945 ; 24,913 ; 24,915 ; 24,899 ; 24,897 ; 24,897 ; 24,864 ; 24,857 ; 24,856 ; 24,830 ; 24,825 ; 24,838 ; 24,813 ; 24,794 ; 24,780 ; 24,794 ; 
25,830 ; 25,825 ; 25,817 ; 25,799 ; 25,794 ; 25,809 ; 25,763 ; 25,756 ; 25,761 ; 25,757 ; 25,731 ; 25,709 ; 25,729 ; 25,715 ; 25,687 ; 25,670 ; 25,677 ; 25,662 ; 25,646 ; 25,626 ; 25,617 ; 25,604 ; 25,593 ; 25,609 ; 25,587 ; 25,580 ; 25,550 ; 25,553 ; 25,548 ; 25,531 ; 25,509 ; 25,527 ; 25,486 ; 25,487 ; 25,478 ; 25,458 ; 25,463 ; 25,438 ; 25,432 ; 25,432 ; 25,421 ; 25,418 ; 25,390 ; 25,372 ; 25,365 ; 25,378 ; 25,340 ; 25,347 ; 25,335 ; 25,337 ; 25,299 ; 25,299 ; 25,302 ; 25,279 ; 25,274 ; 25,254 ; 25,254 ; 25,229 ; 25,229 ; 25,219 ; 25,209 ; 25,170 ; 25,173 ; 25,182 ; 25,137 ; 25,136 ; 25,149 ; 25,137 ; 25,130 ; 25,109 ; 25,099 ; 25,065 ; 25,080 ; 25,074 ; 25,047 ; 25,021 ; 25,039 ; 25,016 ; 25,009 ; 25,010 ; 24,989 ; 24,954 ; 24,945 ; 24,965 ; 24,917 ; 24,931 ; 24,903 ; 24,906 ; 24,891 ; 24,878 ; 24,867 ; 24,878 ; 24,854 ; 24,842 ; 24,825 ; 24,815 ; 24,808 ; 24,800 ; 24,811 ; 24,805 ; 
25,848 ; 25,819 ; 25,827 ; 25,827 ; 25,815 ; 25,783 ; 25,764 ; 25,750 ; 25,757 ; 25,748 ; 25,748 ; 25,711 ; 25,717 ; 25,705 ; 25,693 ; 25,689 ; 25,674 ; 25,669 ; 25,653 ; 25,654 ; 25,615 ; 25,619 ; 25,601 ; 25,584 ; 25,571 ; 25,558 ; 25,571 ; 25,554 ; 25,533 ; 25,544 ; 25,529 ; 25,527 ; 25,511 ; 25,497 ; 25,464 ; 25,469 ; 25,461 ; 25,437 ; 25,418 ; 25,412 ; 25,426 ; 25,412 ; 25,402 ; 25,371 ; 25,359 ; 25,364 ; 25,350 ; 25,331 ; 25,313 ; 25,323 ; 25,309 ; 25,303 ; 25,297 ; 25,265 ; 25,248 ; 25,240 ; 25,249 ; 25,246 ; 25,228 ; 25,210 ; 25,211 ; 25,178 ; 25,160 ; 25,168 ; 25,151 ; 25,154 ; 25,119 ; 25,133 ; 25,113 ; 25,081 ; 25,072 ; 25,080 ; 25,058 ; 25,033 ; 25,032 ; 25,015 ; 25,026 ; 24,982 ; 24,999 ; 24,980 ; 24,961 ; 24,959 ; 24,946 ; 24,933 ; 24,937 ; 24,901 ; 24,911 ; 24,878 ; 24,863 ; 24,849 ; 24,856 ; 24,858 ; 24,982 ; 25,210 ; 25,356 ; 25,431 ; 25,432 ; 25,401 ; 25,406 ; 25,383 ; 
25,817 ; 25,831 ; 25,815 ; 25,794 ; 25,770 ; 25,783 ; 25,764 ; 25,761 ; 25,731 ; 25,719 ; 25,715 ; 25,696 ; 25,712 ; 25,694 ; 25,687 ; 25,681 ; 25,638 ; 25,641 ; 25,639 ; 25,617 ; 25,605 ; 25,616 ; 25,598 ; 25,584 ; 25,561 ; 25,566 ; 25,538 ; 25,530 ; 25,537 ; 25,527 ; 25,510 ; 25,507 ; 25,478 ; 25,481 ; 25,456 ; 25,462 ; 25,445 ; 25,418 ; 25,421 ; 25,388 ; 25,403 ; 25,391 ; 25,366 ; 25,352 ; 25,377 ; 25,333 ; 25,322 ; 25,331 ; 25,322 ; 25,310 ; 25,272 ; 25,267 ; 25,264 ; 25,264 ; 25,252 ; 25,227 ; 25,213 ; 25,216 ; 25,178 ; 25,195 ; 25,160 ; 25,151 ; 25,167 ; 25,137 ; 25,130 ; 25,114 ; 25,123 ; 25,105 ; 25,072 ; 25,070 ; 25,066 ; 25,033 ; 25,054 ; 25,015 ; 25,016 ; 24,990 ; 24,983 ; 24,985 ; 24,970 ; 24,961 ; 24,930 ; 24,918 ; 24,905 ; 24,893 ; 25,074 ; 25,169 ; 25,353 ; 25,473 ; 25,476 ; 25,463 ; 25,452 ; 25,445 ; 25,419 ; 25,421 ; 25,418 ; 25,388 ; 25,401 ; 25,371 ; 25,377 ; 25,368 ; 
25,849 ; 25,830 ; 25,828 ; 25,816 ; 25,785 ; 25,797 ; 25,770 ; 25,752 ; 25,742 ; 25,756 ; 25,742 ; 25,712 ; 25,715 ; 25,691 ; 25,699 ; 25,682 ; 25,670 ; 25,660 ; 25,638 ; 25,647 ; 25,616 ; 25,597 ; 25,593 ; 25,604 ; 25,576 ; 25,578 ; 25,571 ; 25,531 ; 25,537 ; 25,515 ; 25,498 ; 25,521 ; 25,500 ; 25,486 ; 25,458 ; 25,475 ; 25,458 ; 25,448 ; 25,407 ; 25,425 ; 25,396 ; 25,387 ; 25,378 ; 25,376 ; 25,352 ; 25,358 ; 25,351 ; 25,345 ; 25,320 ; 25,303 ; 25,314 ; 25,296 ; 25,264 ; 25,256 ; 25,260 ; 25,228 ; 25,224 ; 25,233 ; 25,217 ; 25,215 ; 25,178 ; 25,175 ; 25,157 ; 25,137 ; 25,135 ; 25,111 ; 25,127 ; 25,111 ; 25,083 ; 25,068 ; 25,064 ; 25,038 ; 25,059 ; 25,046 ; 25,034 ; 24,994 ; 25,021 ; 25,175 ; 25,298 ; 25,536 ; 25,566 ; 25,564 ; 25,533 ; 25,552 ; 25,528 ; 25,504 ; 25,501 ; 25,504 ; 25,482 ; 25,473 ; 25,470 ; 25,443 ; 25,437 ; 25,426 ; 25,411 ; 25,424 ; 25,426 ; 25,390 ; 25,378 ; 25,374 ; 
25,793 ; 25,778 ; 25,764 ; 25,752 ; 25,750 ; 25,761 ; 25,715 ; 25,720 ; 25,731 ; 25,689 ; 25,684 ; 25,696 ; 25,687 ; 25,646 ; 25,659 ; 25,647 ; 25,614 ; 25,621 ; 25,597 ; 25,608 ; 25,579 ; 25,574 ; 25,559 ; 25,552 ; 25,544 ; 25,523 ; 25,504 ; 25,493 ; 25,498 ; 25,470 ; 25,473 ; 25,474 ; 25,436 ; 25,425 ; 25,421 ; 25,411 ; 25,400 ; 25,407 ; 25,376 ; 25,368 ; 25,352 ; 25,344 ; 25,339 ; 25,322 ; 25,304 ; 25,303 ; 25,286 ; 25,285 ; 25,282 ; 25,261 ; 25,240 ; 25,255 ; 25,237 ; 25,236 ; 25,211 ; 25,193 ; 25,204 ; 25,184 ; 25,158 ; 25,163 ; 25,145 ; 25,152 ; 25,127 ; 25,114 ; 25,107 ; 25,102 ; 25,062 ; 25,056 ; 25,043 ; 25,118 ; 25,224 ; 25,454 ; 25,591 ; 25,604 ; 25,604 ; 25,582 ; 25,577 ; 25,574 ; 25,568 ; 25,543 ; 25,543 ; 25,527 ; 25,509 ; 25,504 ; 25,516 ; 25,500 ; 25,487 ; 25,461 ; 25,461 ; 25,460 ; 25,450 ; 25,419 ; 25,415 ; 25,414 ; 25,406 ; 25,387 ; 25,388 ; 25,386 ; 25,374 ; 25,364 ; 
25,841 ; 25,815 ; 25,798 ; 25,793 ; 25,791 ; 25,767 ; 25,758 ; 25,746 ; 25,757 ; 25,719 ; 25,705 ; 25,714 ; 25,706 ; 25,690 ; 25,678 ; 25,659 ; 25,656 ; 25,644 ; 25,640 ; 25,633 ; 25,595 ; 25,622 ; 25,586 ; 25,578 ; 25,561 ; 25,548 ; 25,544 ; 25,547 ; 25,511 ; 25,511 ; 25,517 ; 25,487 ; 25,474 ; 25,457 ; 25,464 ; 25,438 ; 25,424 ; 25,415 ; 25,423 ; 25,400 ; 25,401 ; 25,388 ; 25,359 ; 25,352 ; 25,360 ; 25,319 ; 25,322 ; 25,307 ; 25,315 ; 25,292 ; 25,272 ; 25,261 ; 25,261 ; 25,242 ; 25,231 ; 25,233 ; 25,221 ; 25,215 ; 25,198 ; 25,190 ; 25,154 ; 25,138 ; 25,255 ; 25,402 ; 25,634 ; 25,709 ; 25,717 ; 25,690 ; 25,697 ; 25,695 ; 25,677 ; 25,660 ; 25,654 ; 25,638 ; 25,629 ; 25,623 ; 25,591 ; 25,580 ; 25,583 ; 25,580 ; 25,558 ; 25,542 ; 25,544 ; 25,528 ; 25,517 ; 25,506 ; 25,469 ; 25,487 ; 25,478 ; 25,467 ; 25,460 ; 25,427 ; 25,425 ; 25,405 ; 25,393 ; 25,409 ; 25,400 ; 25,374 ; 25,358 ; 25,352 ; 
25,831 ; 25,823 ; 25,806 ; 25,794 ; 25,800 ; 25,786 ; 25,744 ; 25,740 ; 25,755 ; 25,726 ; 25,713 ; 25,697 ; 25,711 ; 25,689 ; 25,670 ; 25,675 ; 25,648 ; 25,648 ; 25,622 ; 25,631 ; 25,607 ; 25,590 ; 25,590 ; 25,593 ; 25,566 ; 25,543 ; 25,559 ; 25,543 ; 25,525 ; 25,497 ; 25,497 ; 25,504 ; 25,474 ; 25,470 ; 25,460 ; 25,437 ; 25,433 ; 25,432 ; 25,391 ; 25,406 ; 25,397 ; 25,378 ; 25,363 ; 25,374 ; 25,362 ; 25,342 ; 25,315 ; 25,321 ; 25,291 ; 25,285 ; 25,279 ; 25,268 ; 25,241 ; 25,250 ; 25,237 ; 25,425 ; 25,615 ; 25,770 ; 25,810 ; 25,789 ; 25,767 ; 25,760 ; 25,746 ; 25,745 ; 25,720 ; 25,732 ; 25,717 ; 25,689 ; 25,690 ; 25,687 ; 25,676 ; 25,669 ; 25,652 ; 25,622 ; 25,614 ; 25,608 ; 25,585 ; 25,580 ; 25,576 ; 25,560 ; 25,547 ; 25,538 ; 25,550 ; 25,518 ; 25,525 ; 25,509 ; 25,493 ; 25,476 ; 25,474 ; 25,451 ; 25,440 ; 25,435 ; 25,440 ; 25,414 ; 25,394 ; 25,419 ; 25,406 ; 25,375 ; 25,377 ; 25,364 ; 
25,831 ; 25,821 ; 25,797 ; 25,778 ; 25,774 ; 25,782 ; 25,751 ; 25,733 ; 25,719 ; 25,715 ; 25,699 ; 25,681 ; 25,681 ; 25,671 ; 25,676 ; 25,644 ; 25,652 ; 25,616 ; 25,625 ; 25,611 ; 25,617 ; 25,582 ; 25,570 ; 25,582 ; 25,562 ; 25,554 ; 25,552 ; 25,538 ; 25,511 ; 25,499 ; 25,510 ; 25,472 ; 25,458 ; 25,456 ; 25,455 ; 25,451 ; 25,411 ; 25,414 ; 25,399 ; 25,387 ; 25,377 ; 25,363 ; 25,356 ; 25,333 ; 25,348 ; 25,328 ; 25,298 ; 25,435 ; 25,509 ; 25,745 ; 25,876 ; 25,880 ; 25,858 ; 25,868 ; 25,830 ; 25,822 ; 25,834 ; 25,812 ; 25,799 ; 25,778 ; 25,770 ; 25,776 ; 25,757 ; 25,737 ; 25,737 ; 25,723 ; 25,718 ; 25,714 ; 25,695 ; 25,678 ; 25,658 ; 25,659 ; 25,651 ; 25,632 ; 25,603 ; 25,597 ; 25,579 ; 25,573 ; 25,567 ; 25,560 ; 25,553 ; 25,527 ; 25,524 ; 25,527 ; 25,504 ; 25,512 ; 25,473 ; 25,488 ; 25,460 ; 25,450 ; 25,440 ; 25,444 ; 25,444 ; 25,412 ; 25,407 ; 25,407 ; 25,395 ; 25,389 ; 25,365 ; 25,377 ; 
25,827 ; 25,806 ; 25,806 ; 25,792 ; 25,773 ; 25,742 ; 25,760 ; 25,724 ; 25,742 ; 25,719 ; 25,703 ; 25,700 ; 25,665 ; 25,678 ; 25,662 ; 25,644 ; 25,627 ; 25,614 ; 25,622 ; 25,590 ; 25,587 ; 25,579 ; 25,570 ; 25,568 ; 25,546 ; 25,522 ; 25,522 ; 25,501 ; 25,487 ; 25,503 ; 25,488 ; 25,473 ; 25,449 ; 25,437 ; 25,443 ; 25,415 ; 25,405 ; 25,411 ; 25,390 ; 25,452 ; 25,510 ; 25,731 ; 25,903 ; 25,969 ; 25,952 ; 25,917 ; 25,905 ; 25,903 ; 25,901 ; 25,901 ; 25,876 ; 25,870 ; 25,849 ; 25,842 ; 25,825 ; 25,815 ; 25,800 ; 25,806 ; 25,773 ; 25,754 ; 25,754 ; 25,743 ; 25,737 ; 25,718 ; 25,701 ; 25,696 ; 25,682 ; 25,681 ; 25,670 ; 25,644 ; 25,629 ; 25,622 ; 25,616 ; 25,602 ; 25,590 ; 25,596 ; 25,576 ; 25,567 ; 25,562 ; 25,525 ; 25,518 ; 25,523 ; 25,507 ; 25,506 ; 25,478 ; 25,462 ; 25,466 ; 25,454 ; 25,450 ; 25,426 ; 25,412 ; 25,408 ; 25,414 ; 25,391 ; 25,375 ; 25,380 ; 25,363 ; 25,370 ; 25,344 ; 25,354 ; 
25,806 ; 25,774 ; 25,789 ; 25,775 ; 25,763 ; 25,752 ; 25,714 ; 25,721 ; 25,714 ; 25,707 ; 25,693 ; 25,684 ; 25,660 ; 25,645 ; 25,634 ; 25,625 ; 25,633 ; 25,599 ; 25,608 ; 25,574 ; 25,576 ; 25,559 ; 25,560 ; 25,542 ; 25,535 ; 25,513 ; 25,518 ; 25,480 ; 25,494 ; 25,478 ; 25,467 ; 25,482 ; 25,605 ; 25,733 ; 25,895 ; 26,030 ; 26,005 ; 26,007 ; 25,982 ; 25,991 ; 25,978 ; 25,946 ; 25,950 ; 25,939 ; 25,935 ; 25,916 ; 25,910 ; 25,905 ; 25,878 ; 25,872 ; 25,850 ; 25,862 ; 25,859 ; 25,838 ; 25,835 ; 25,819 ; 25,815 ; 25,782 ; 25,789 ; 25,788 ; 25,762 ; 25,746 ; 25,743 ; 25,711 ; 25,709 ; 25,714 ; 25,678 ; 25,669 ; 25,663 ; 25,668 ; 25,642 ; 25,633 ; 25,638 ; 25,609 ; 25,617 ; 25,590 ; 25,597 ; 25,565 ; 25,542 ; 25,546 ; 25,534 ; 25,543 ; 25,518 ; 25,497 ; 25,481 ; 25,485 ; 25,458 ; 25,469 ; 25,457 ; 25,418 ; 25,414 ; 25,417 ; 25,393 ; 25,405 ; 25,393 ; 25,386 ; 25,371 ; 25,368 ; 25,351 ; 25,333 ; 
25,783 ; 25,761 ; 25,787 ; 25,776 ; 25,734 ; 25,750 ; 25,739 ; 25,709 ; 25,717 ; 25,699 ; 25,701 ; 25,680 ; 25,668 ; 25,648 ; 25,628 ; 25,617 ; 25,611 ; 25,604 ; 25,580 ; 25,597 ; 25,572 ; 25,567 ; 25,552 ; 25,527 ; 25,591 ; 25,776 ; 25,898 ; 26,119 ; 26,074 ; 26,082 ; 26,063 ; 26,052 ; 26,040 ; 26,049 ; 26,039 ; 26,012 ; 26,006 ; 26,012 ; 26,003 ; 25,983 ; 25,954 ; 25,970 ; 25,952 ; 25,939 ; 25,929 ; 25,911 ; 25,903 ; 25,910 ; 25,898 ; 25,870 ; 25,858 ; 25,861 ; 25,866 ; 25,848 ; 25,842 ; 25,827 ; 25,813 ; 25,824 ; 25,798 ; 25,770 ; 25,758 ; 25,736 ; 25,752 ; 25,751 ; 25,729 ; 25,720 ; 25,708 ; 25,691 ; 25,672 ; 25,656 ; 25,647 ; 25,657 ; 25,648 ; 25,615 ; 25,593 ; 25,593 ; 25,567 ; 25,570 ; 25,561 ; 25,553 ; 25,542 ; 25,524 ; 25,513 ; 25,494 ; 25,482 ; 25,488 ; 25,452 ; 25,457 ; 25,455 ; 25,427 ; 25,412 ; 25,426 ; 25,408 ; 25,407 ; 25,376 ; 25,383 ; 25,369 ; 25,350 ; 25,353 ; 25,365 ; 
25,800 ; 25,779 ; 25,766 ; 25,745 ; 25,742 ; 25,725 ; 25,731 ; 25,718 ; 25,715 ; 25,699 ; 25,694 ; 25,680 ; 25,656 ; 25,632 ; 25,631 ; 25,603 ; 25,640 ; 25,807 ; 25,940 ; 26,150 ; 26,161 ; 26,158 ; 26,172 ; 26,149 ; 26,136 ; 26,115 ; 26,112 ; 26,093 ; 26,087 ; 26,087 ; 26,060 ; 26,057 ; 26,060 ; 26,021 ; 26,030 ; 26,040 ; 26,025 ; 25,997 ; 25,995 ; 25,991 ; 25,985 ; 25,947 ; 25,935 ; 25,928 ; 25,913 ; 25,908 ; 25,919 ; 25,877 ; 25,874 ; 25,854 ; 25,866 ; 25,867 ; 25,849 ; 25,821 ; 25,801 ; 25,822 ; 25,779 ; 25,776 ; 25,767 ; 25,742 ; 25,767 ; 25,726 ; 25,717 ; 25,725 ; 25,720 ; 25,689 ; 25,688 ; 25,680 ; 25,669 ; 25,660 ; 25,627 ; 25,640 ; 25,603 ; 25,599 ; 25,591 ; 25,598 ; 25,564 ; 25,574 ; 25,559 ; 25,552 ; 25,531 ; 25,511 ; 25,521 ; 25,510 ; 25,499 ; 25,491 ; 25,475 ; 25,474 ; 25,439 ; 25,449 ; 25,418 ; 25,400 ; 25,430 ; 25,389 ; 25,391 ; 25,342 ; 25,236 ; 24,959 ; 24,852 ; 24,744 ; 
25,803 ; 25,767 ; 25,752 ; 25,756 ; 25,730 ; 25,715 ; 25,719 ; 25,688 ; 25,731 ; 25,898 ; 26,017 ; 26,152 ; 26,276 ; 26,270 ; 26,233 ; 26,254 ; 26,210 ; 26,204 ; 26,198 ; 26,181 ; 26,178 ; 26,165 ; 26,166 ; 26,160 ; 26,129 ; 26,134 ; 26,094 ; 26,113 ; 26,103 ; 26,089 ; 26,068 ; 26,077 ; 26,064 ; 26,039 ; 26,018 ; 26,011 ; 26,014 ; 26,003 ; 25,999 ; 25,966 ; 25,966 ; 25,953 ; 25,941 ; 25,926 ; 25,921 ; 25,910 ; 25,915 ; 25,908 ; 25,890 ; 25,871 ; 25,868 ; 25,849 ; 25,829 ; 25,835 ; 25,821 ; 25,813 ; 25,789 ; 25,772 ; 25,775 ; 25,764 ; 25,745 ; 25,750 ; 25,742 ; 25,732 ; 25,715 ; 25,693 ; 25,702 ; 25,682 ; 25,678 ; 25,657 ; 25,652 ; 25,638 ; 25,617 ; 25,614 ; 25,602 ; 25,609 ; 25,590 ; 25,578 ; 25,572 ; 25,570 ; 25,544 ; 25,527 ; 25,535 ; 25,507 ; 25,509 ; 25,493 ; 25,470 ; 25,443 ; 25,323 ; 25,065 ; 24,881 ; 24,795 ; 24,812 ; 24,787 ; 24,792 ; 24,758 ; 24,771 ; 24,752 ; 24,757 ; 24,732 ; 
25,795 ; 25,913 ; 26,058 ; 26,239 ; 26,339 ; 26,339 ; 26,324 ; 26,331 ; 26,319 ; 26,317 ; 26,283 ; 26,264 ; 26,271 ; 26,246 ; 26,266 ; 26,217 ; 26,239 ; 26,221 ; 26,210 ; 26,197 ; 26,164 ; 26,160 ; 26,173 ; 26,161 ; 26,147 ; 26,125 ; 26,113 ; 26,115 ; 26,077 ; 26,098 ; 26,075 ; 26,088 ; 26,037 ; 26,062 ; 26,020 ; 26,028 ; 26,023 ; 25,996 ; 26,000 ; 25,993 ; 25,979 ; 25,950 ; 25,964 ; 25,929 ; 25,925 ; 25,925 ; 25,921 ; 25,890 ; 25,908 ; 25,885 ; 25,849 ; 25,837 ; 25,858 ; 25,830 ; 25,841 ; 25,825 ; 25,803 ; 25,776 ; 25,770 ; 25,779 ; 25,758 ; 25,750 ; 25,744 ; 25,723 ; 25,719 ; 25,709 ; 25,701 ; 25,671 ; 25,677 ; 25,645 ; 25,663 ; 25,626 ; 25,621 ; 25,629 ; 25,596 ; 25,603 ; 25,577 ; 25,568 ; 25,573 ; 25,555 ; 25,420 ; 25,192 ; 24,976 ; 24,921 ; 24,901 ; 24,864 ; 24,869 ; 24,847 ; 24,852 ; 24,839 ; 24,847 ; 24,803 ; 24,794 ; 24,793 ; 24,788 ; 24,776 ; 24,766 ; 24,765 ; 24,733 ; 24,758 ; 
26,401 ; 26,374 ; 26,383 ; 26,354 ; 26,350 ; 26,345 ; 26,318 ; 26,324 ; 26,301 ; 26,297 ; 26,295 ; 26,273 ; 26,276 ; 26,269 ; 26,241 ; 26,226 ; 26,240 ; 26,220 ; 26,187 ; 26,183 ; 26,177 ; 26,172 ; 26,168 ; 26,164 ; 26,143 ; 26,111 ; 26,125 ; 26,087 ; 26,085 ; 26,075 ; 26,062 ; 26,055 ; 26,044 ; 26,036 ; 26,036 ; 26,026 ; 26,014 ; 26,002 ; 25,987 ; 25,984 ; 25,982 ; 25,977 ; 25,951 ; 25,939 ; 25,947 ; 25,929 ; 25,903 ; 25,905 ; 25,886 ; 25,866 ; 25,884 ; 25,847 ; 25,852 ; 25,825 ; 25,822 ; 25,809 ; 25,811 ; 25,791 ; 25,775 ; 25,781 ; 25,778 ; 25,749 ; 25,733 ; 25,727 ; 25,713 ; 25,696 ; 25,705 ; 25,683 ; 25,669 ; 25,659 ; 25,656 ; 25,642 ; 25,639 ; 25,481 ; 25,291 ; 25,191 ; 24,995 ; 24,954 ; 24,952 ; 24,954 ; 24,950 ; 24,924 ; 24,907 ; 24,911 ; 24,904 ; 24,873 ; 24,872 ; 24,850 ; 24,839 ; 24,841 ; 24,807 ; 24,821 ; 24,818 ; 24,788 ; 24,784 ; 24,780 ; 24,766 ; 24,766 ; 24,752 ; 24,753 ; 
26,401 ; 26,387 ; 26,379 ; 26,368 ; 26,338 ; 26,330 ; 26,322 ; 26,325 ; 26,306 ; 26,300 ; 26,300 ; 26,281 ; 26,279 ; 26,238 ; 26,252 ; 26,217 ; 26,234 ; 26,213 ; 26,191 ; 26,204 ; 26,170 ; 26,174 ; 26,173 ; 26,164 ; 26,149 ; 26,112 ; 26,129 ; 26,118 ; 26,106 ; 26,093 ; 26,083 ; 26,061 ; 26,069 ; 26,048 ; 26,021 ; 26,025 ; 26,006 ; 26,013 ; 26,018 ; 25,989 ; 25,983 ; 25,975 ; 25,946 ; 25,939 ; 25,941 ; 25,915 ; 25,891 ; 25,917 ; 25,891 ; 25,893 ; 25,887 ; 25,844 ; 25,858 ; 25,843 ; 25,834 ; 25,830 ; 25,818 ; 25,816 ; 25,782 ; 25,772 ; 25,770 ; 25,762 ; 25,762 ; 25,751 ; 25,719 ; 25,723 ; 25,564 ; 25,359 ; 25,179 ; 25,051 ; 25,065 ; 25,020 ; 25,048 ; 25,008 ; 25,001 ; 24,997 ; 24,971 ; 24,956 ; 24,942 ; 24,942 ; 24,927 ; 24,915 ; 24,910 ; 24,906 ; 24,880 ; 24,878 ; 24,882 ; 24,874 ; 24,836 ; 24,819 ; 24,820 ; 24,807 ; 24,829 ; 24,818 ; 24,778 ; 24,788 ; 24,784 ; 24,752 ; 24,745 ; 24,762 ; 
26,386 ; 26,382 ; 26,362 ; 26,393 ; 26,358 ; 26,338 ; 26,322 ; 26,318 ; 26,314 ; 26,297 ; 26,289 ; 26,296 ; 26,288 ; 26,276 ; 26,256 ; 26,245 ; 26,232 ; 26,214 ; 26,216 ; 26,208 ; 26,199 ; 26,180 ; 26,181 ; 26,148 ; 26,147 ; 26,144 ; 26,115 ; 26,115 ; 26,088 ; 26,088 ; 26,094 ; 26,088 ; 26,067 ; 26,070 ; 26,027 ; 26,037 ; 26,027 ; 26,000 ; 25,981 ; 26,002 ; 25,996 ; 25,971 ; 25,975 ; 25,951 ; 25,956 ; 25,920 ; 25,932 ; 25,899 ; 25,902 ; 25,887 ; 25,892 ; 25,883 ; 25,855 ; 25,852 ; 25,842 ; 25,847 ; 25,843 ; 25,817 ; 25,760 ; 25,572 ; 25,420 ; 25,233 ; 25,139 ; 25,144 ; 25,124 ; 25,121 ; 25,105 ; 25,080 ; 25,064 ; 25,060 ; 25,037 ; 25,033 ; 25,043 ; 25,007 ; 25,001 ; 24,986 ; 24,979 ; 24,986 ; 24,955 ; 24,966 ; 24,934 ; 24,935 ; 24,925 ; 24,905 ; 24,887 ; 24,885 ; 24,867 ; 24,876 ; 24,841 ; 24,856 ; 24,845 ; 24,814 ; 24,818 ; 24,794 ; 24,792 ; 24,800 ; 24,789 ; 24,782 ; 24,744 ; 24,757 ; 
26,409 ; 26,370 ; 26,391 ; 26,375 ; 26,343 ; 26,338 ; 26,327 ; 26,336 ; 26,327 ; 26,303 ; 26,300 ; 26,273 ; 26,268 ; 26,257 ; 26,248 ; 26,248 ; 26,233 ; 26,226 ; 26,213 ; 26,207 ; 26,191 ; 26,189 ; 26,177 ; 26,166 ; 26,149 ; 26,129 ; 26,125 ; 26,115 ; 26,121 ; 26,079 ; 26,077 ; 26,067 ; 26,074 ; 26,034 ; 26,049 ; 26,034 ; 26,017 ; 25,995 ; 26,008 ; 26,005 ; 25,968 ; 25,972 ; 25,948 ; 25,945 ; 25,954 ; 25,952 ; 25,933 ; 25,905 ; 25,901 ; 25,909 ; 25,858 ; 25,760 ; 25,567 ; 25,419 ; 25,254 ; 25,216 ; 25,212 ; 25,186 ; 25,185 ; 25,191 ; 25,164 ; 25,156 ; 25,136 ; 25,125 ; 25,123 ; 25,114 ; 25,094 ; 25,093 ; 25,084 ; 25,070 ; 25,041 ; 25,052 ; 25,033 ; 25,021 ; 25,027 ; 24,992 ; 24,986 ; 24,985 ; 24,958 ; 24,945 ; 24,929 ; 24,937 ; 24,921 ; 24,917 ; 24,886 ; 24,897 ; 24,875 ; 24,848 ; 24,861 ; 24,856 ; 24,832 ; 24,808 ; 24,794 ; 24,809 ; 24,789 ; 24,772 ; 24,788 ; 24,772 ; 24,753 ; 24,762 ; 
26,407 ; 26,386 ; 26,370 ; 26,355 ; 26,364 ; 26,332 ; 26,318 ; 26,339 ; 26,324 ; 26,317 ; 26,284 ; 26,270 ; 26,257 ; 26,263 ; 26,240 ; 26,232 ; 26,242 ; 26,230 ; 26,211 ; 26,201 ; 26,170 ; 26,183 ; 26,152 ; 26,164 ; 26,165 ; 26,125 ; 26,128 ; 26,124 ; 26,116 ; 26,101 ; 26,100 ; 26,067 ; 26,075 ; 26,051 ; 26,036 ; 26,042 ; 26,014 ; 26,026 ; 25,990 ; 26,005 ; 25,988 ; 25,994 ; 25,974 ; 25,899 ; 25,715 ; 25,550 ; 25,401 ; 25,321 ; 25,298 ; 25,280 ; 25,283 ; 25,261 ; 25,255 ; 25,231 ; 25,229 ; 25,198 ; 25,206 ; 25,209 ; 25,162 ; 25,163 ; 25,151 ; 25,166 ; 25,146 ; 25,114 ; 25,111 ; 25,114 ; 25,103 ; 25,089 ; 25,066 ; 25,047 ; 25,032 ; 25,017 ; 25,032 ; 24,997 ; 25,023 ; 24,986 ; 24,994 ; 24,988 ; 24,953 ; 24,965 ; 24,952 ; 24,910 ; 24,906 ; 24,906 ; 24,887 ; 24,893 ; 24,864 ; 24,868 ; 24,844 ; 24,848 ; 24,814 ; 24,817 ; 24,812 ; 24,789 ; 24,793 ; 24,794 ; 24,766 ; 24,771 ; 24,743 ; 24,740 ; 
26,387 ; 26,397 ; 26,369 ; 26,355 ; 26,342 ; 26,337 ; 26,350 ; 26,338 ; 26,337 ; 26,320 ; 26,291 ; 26,285 ; 26,282 ; 26,282 ; 26,268 ; 26,263 ; 26,227 ; 26,213 ; 26,229 ; 26,202 ; 26,201 ; 26,197 ; 26,166 ; 26,171 ; 26,138 ; 26,154 ; 26,152 ; 26,119 ; 26,136 ; 26,097 ; 26,086 ; 26,094 ; 26,073 ; 26,081 ; 26,074 ; 25,987 ; 25,842 ; 25,699 ; 25,567 ; 25,421 ; 25,387 ; 25,359 ; 25,351 ; 25,360 ; 25,332 ; 25,350 ; 25,325 ; 25,299 ; 25,292 ; 25,290 ; 25,291 ; 25,247 ; 25,241 ; 25,249 ; 25,230 ; 25,215 ; 25,204 ; 25,182 ; 25,180 ; 25,169 ; 25,188 ; 25,164 ; 25,168 ; 25,149 ; 25,114 ; 25,121 ; 25,095 ; 25,090 ; 25,076 ; 25,076 ; 25,058 ; 25,039 ; 25,041 ; 25,025 ; 25,028 ; 25,023 ; 24,988 ; 24,991 ; 24,962 ; 24,958 ; 24,948 ; 24,941 ; 24,906 ; 24,909 ; 24,917 ; 24,903 ; 24,874 ; 24,886 ; 24,847 ; 24,845 ; 24,818 ; 24,825 ; 24,800 ; 24,794 ; 24,809 ; 24,793 ; 24,786 ; 24,774 ; 24,753 ; 24,747 ; 
26,403 ; 26,377 ; 26,373 ; 26,358 ; 26,370 ; 26,345 ; 26,345 ; 26,337 ; 26,330 ; 26,322 ; 26,313 ; 26,302 ; 26,287 ; 26,259 ; 26,258 ; 26,256 ; 26,232 ; 26,241 ; 26,235 ; 26,217 ; 26,186 ; 26,179 ; 26,190 ; 26,184 ; 26,156 ; 26,167 ; 26,158 ; 26,154 ; 25,989 ; 25,756 ; 25,653 ; 25,511 ; 25,488 ; 25,460 ; 25,457 ; 25,421 ; 25,431 ; 25,402 ; 25,418 ; 25,394 ; 25,393 ; 25,366 ; 25,356 ; 25,358 ; 25,334 ; 25,322 ; 25,331 ; 25,308 ; 25,285 ; 25,280 ; 25,268 ; 25,250 ; 25,268 ; 25,250 ; 25,218 ; 25,211 ; 25,211 ; 25,212 ; 25,198 ; 25,179 ; 25,162 ; 25,166 ; 25,141 ; 25,144 ; 25,111 ; 25,101 ; 25,089 ; 25,103 ; 25,068 ; 25,072 ; 25,076 ; 25,046 ; 25,021 ; 25,013 ; 24,990 ; 24,977 ; 24,972 ; 24,973 ; 24,959 ; 24,940 ; 24,949 ; 24,939 ; 24,915 ; 24,898 ; 24,911 ; 24,900 ; 24,890 ; 24,857 ; 24,867 ; 24,855 ; 24,849 ; 24,839 ; 24,807 ; 24,815 ; 24,809 ; 24,800 ; 24,790 ; 24,780 ; 24,757 ; 24,746 ; 
26,394 ; 26,398 ; 26,374 ; 26,374 ; 26,354 ; 26,339 ; 26,322 ; 26,312 ; 26,305 ; 26,287 ; 26,282 ; 26,275 ; 26,287 ; 26,250 ; 26,251 ; 26,254 ; 26,229 ; 26,210 ; 26,229 ; 26,220 ; 26,162 ; 25,843 ; 25,731 ; 25,613 ; 25,538 ; 25,533 ; 25,518 ; 25,495 ; 25,491 ; 25,484 ; 25,478 ; 25,464 ; 25,446 ; 25,431 ; 25,438 ; 25,412 ; 25,415 ; 25,413 ; 25,403 ; 25,389 ; 25,371 ; 25,366 ; 25,358 ; 25,354 ; 25,340 ; 25,308 ; 25,328 ; 25,291 ; 25,280 ; 25,273 ; 25,256 ; 25,265 ; 25,247 ; 25,248 ; 25,223 ; 25,211 ; 25,192 ; 25,174 ; 25,186 ; 25,158 ; 25,151 ; 25,146 ; 25,154 ; 25,149 ; 25,124 ; 25,101 ; 25,088 ; 25,089 ; 25,086 ; 25,077 ; 25,043 ; 25,029 ; 25,022 ; 25,007 ; 24,998 ; 25,005 ; 24,979 ; 24,964 ; 24,949 ; 24,962 ; 24,933 ; 24,923 ; 24,906 ; 24,900 ; 24,904 ; 24,874 ; 24,888 ; 24,880 ; 24,866 ; 24,832 ; 24,849 ; 24,821 ; 24,827 ; 24,815 ; 24,802 ; 24,782 ; 24,784 ; 24,762 ; 24,749 ; 24,744 ; 
26,385 ; 26,364 ; 26,377 ; 26,344 ; 26,338 ; 26,337 ; 26,315 ; 26,306 ; 26,318 ; 26,291 ; 26,297 ; 26,294 ; 26,223 ; 26,088 ; 25,881 ; 25,657 ; 25,613 ; 25,601 ; 25,601 ; 25,566 ; 25,582 ; 25,553 ; 25,558 ; 25,540 ; 25,516 ; 25,522 ; 25,517 ; 25,505 ; 25,492 ; 25,473 ; 25,463 ; 25,446 ; 25,446 ; 25,420 ; 25,400 ; 25,407 ; 25,395 ; 25,383 ; 25,359 ; 25,362 ; 25,335 ; 25,346 ; 25,333 ; 25,327 ; 25,297 ; 25,309 ; 25,277 ; 25,278 ; 25,252 ; 25,256 ; 25,225 ; 25,222 ; 25,217 ; 25,221 ; 25,209 ; 25,176 ; 25,163 ; 25,173 ; 25,168 ; 25,136 ; 25,118 ; 25,125 ; 25,086 ; 25,108 ; 25,080 ; 25,069 ; 25,057 ; 25,064 ; 25,027 ; 25,052 ; 25,011 ; 24,996 ; 25,008 ; 24,982 ; 24,983 ; 24,976 ; 24,962 ; 24,950 ; 24,919 ; 24,928 ; 24,921 ; 24,909 ; 24,872 ; 24,872 ; 24,874 ; 24,843 ; 24,847 ; 24,843 ; 24,802 ; 24,801 ; 24,783 ; 24,780 ; 24,754 ; 24,771 ; 24,732 ; 24,751 ; 24,735 ; 24,735 ; 24,703 ; 24,719 ; 
26,404 ; 26,369 ; 26,376 ; 26,357 ; 26,367 ; 26,193 ; 26,021 ; 25,847 ; 25,739 ; 25,676 ; 25,669 ; 25,682 ; 25,644 ; 25,656 ; 25,640 ; 25,610 ; 25,622 ; 25,602 ; 25,604 ; 25,585 ; 25,568 ; 25,549 ; 25,536 ; 25,525 ; 25,533 ; 25,529 ; 25,512 ; 25,487 ; 25,469 ; 25,452 ; 25,475 ; 25,456 ; 25,448 ; 25,432 ; 25,440 ; 25,399 ; 25,418 ; 25,382 ; 25,388 ; 25,377 ; 25,348 ; 25,332 ; 25,359 ; 25,311 ; 25,304 ; 25,313 ; 25,307 ; 25,284 ; 25,278 ; 25,262 ; 25,271 ; 25,249 ; 25,239 ; 25,236 ; 25,199 ; 25,187 ; 25,175 ; 25,185 ; 25,156 ; 25,167 ; 25,148 ; 25,136 ; 25,112 ; 25,102 ; 25,113 ; 25,100 ; 25,076 ; 25,071 ; 25,056 ; 25,037 ; 25,031 ; 25,022 ; 25,028 ; 24,997 ; 25,013 ; 24,998 ; 24,964 ; 24,953 ; 24,937 ; 24,931 ; 24,923 ; 24,929 ; 24,911 ; 24,887 ; 24,896 ; 24,870 ; 24,869 ; 24,848 ; 24,854 ; 24,826 ; 24,831 ; 24,799 ; 24,819 ; 24,805 ; 24,788 ; 24,777 ; 24,758 ; 24,745 ; 24,750 ; 24,754 ; 
25,843 ; 25,806 ; 25,787 ; 25,793 ; 25,797 ; 25,767 ; 25,760 ; 25,750 ; 25,749 ; 25,738 ; 25,718 ; 25,709 ; 25,711 ; 25,700 ; 25,695 ; 25,677 ; 25,652 ; 25,656 ; 25,646 ; 25,628 ; 25,602 ; 25,587 ; 25,574 ; 25,591 ; 25,565 ; 25,543 ; 25,542 ; 25,518 ; 25,522 ; 25,495 ; 25,495 ; 25,488 ; 25,482 ; 25,454 ; 25,456 ; 25,444 ; 25,411 ; 25,418 ; 25,399 ; 25,380 ; 25,381 ; 25,368 ; 25,374 ; 25,339 ; 25,338 ; 25,335 ; 25,305 ; 25,297 ; 25,282 ; 25,277 ; 25,284 ; 25,265 ; 25,250 ; 25,227 ; 25,244 ; 25,231 ; 25,200 ; 25,200 ; 25,175 ; 25,181 ; 25,151 ; 25,152 ; 25,142 ; 25,115 ; 25,121 ; 25,100 ; 25,096 ; 25,078 ; 25,069 ; 25,059 ; 25,043 ; 25,038 ; 25,040 ; 25,020 ; 25,022 ; 25,011 ; 24,977 ; 24,976 ; 24,954 ; 24,953 ; 24,946 ; 24,929 ; 24,937 ; 24,912 ; 24,927 ; 24,900 ; 24,874 ; 24,870 ; 24,873 ; 24,837 ; 24,826 ; 24,818 ; 24,770 ; 24,787 ; 24,758 ; 24,727 ; 24,744 ; 24,722 ; 24,705 ; 24,697 ; 
25,788 ; 25,779 ; 25,775 ; 25,756 ; 25,745 ; 25,750 ; 25,724 ; 25,730 ; 25,697 ; 25,708 ; 25,700 ; 25,676 ; 25,658 ; 25,654 ; 25,653 ; 25,652 ; 25,636 ; 25,629 ; 25,601 ; 25,597 ; 25,584 ; 25,578 ; 25,565 ; 25,558 ; 25,548 ; 25,536 ; 25,506 ; 25,527 ; 25,506 ; 25,482 ; 25,469 ; 25,462 ; 25,460 ; 25,445 ; 25,445 ; 25,439 ; 25,405 ; 25,407 ; 25,391 ; 25,395 ; 25,382 ; 25,350 ; 25,347 ; 25,346 ; 25,335 ; 25,327 ; 25,297 ; 25,308 ; 25,301 ; 25,282 ; 25,271 ; 25,266 ; 25,266 ; 25,246 ; 25,236 ; 25,204 ; 25,213 ; 25,184 ; 25,199 ; 25,179 ; 25,152 ; 25,126 ; 25,120 ; 25,112 ; 25,126 ; 25,094 ; 25,095 ; 25,087 ; 25,070 ; 25,066 ; 25,035 ; 25,048 ; 25,034 ; 25,014 ; 24,988 ; 24,976 ; 24,990 ; 24,956 ; 24,947 ; 24,939 ; 24,928 ; 24,929 ; 24,896 ; 24,901 ; 24,890 ; 24,866 ; 24,856 ; 24,866 ; 24,839 ; 24,829 ; 24,836 ; 24,811 ; 24,807 ; 24,786 ; 24,778 ; 24,783 ; 24,776 ; 24,747 ; 24,763 ; 24,762 ; 
25,803 ; 25,791 ; 25,795 ; 25,778 ; 25,746 ; 25,731 ; 25,731 ; 25,733 ; 25,711 ; 25,718 ; 25,684 ; 25,701 ; 25,652 ; 25,666 ; 25,635 ; 25,623 ; 25,622 ; 25,623 ; 25,598 ; 25,583 ; 25,590 ; 25,568 ; 25,574 ; 25,537 ; 25,527 ; 25,521 ; 25,531 ; 25,522 ; 25,493 ; 25,488 ; 25,478 ; 25,457 ; 25,457 ; 25,435 ; 25,423 ; 25,430 ; 25,389 ; 25,408 ; 25,401 ; 25,383 ; 25,359 ; 25,369 ; 25,354 ; 25,346 ; 25,315 ; 25,323 ; 25,309 ; 25,289 ; 25,291 ; 25,266 ; 25,268 ; 25,265 ; 25,239 ; 25,241 ; 25,209 ; 25,227 ; 25,204 ; 25,179 ; 25,181 ; 25,175 ; 25,145 ; 25,145 ; 25,121 ; 25,109 ; 25,115 ; 25,111 ; 25,076 ; 25,076 ; 25,052 ; 25,056 ; 25,059 ; 25,015 ; 25,037 ; 25,015 ; 24,986 ; 24,995 ; 24,961 ; 24,973 ; 24,961 ; 24,946 ; 24,935 ; 24,924 ; 24,882 ; 24,888 ; 24,897 ; 24,873 ; 24,852 ; 24,836 ; 24,852 ; 24,811 ; 24,793 ; 24,802 ; 24,781 ; 24,792 ; 24,863 ; 25,048 ; 25,160 ; 25,283 ; 25,363 ; 25,353 ; 
25,806 ; 25,804 ; 25,772 ; 25,772 ; 25,748 ; 25,743 ; 25,736 ; 25,725 ; 25,696 ; 25,703 ; 25,676 ; 25,680 ; 25,677 ; 25,651 ; 25,636 ; 25,628 ; 25,622 ; 25,621 ; 25,620 ; 25,601 ; 25,573 ; 25,572 ; 25,553 ; 25,542 ; 25,541 ; 25,534 ; 25,499 ; 25,504 ; 25,505 ; 25,492 ; 25,476 ; 25,472 ; 25,462 ; 25,451 ; 25,426 ; 25,406 ; 25,400 ; 25,393 ; 25,375 ; 25,376 ; 25,378 ; 25,358 ; 25,346 ; 25,340 ; 25,350 ; 25,303 ; 25,323 ; 25,292 ; 25,280 ; 25,258 ; 25,276 ; 25,247 ; 25,234 ; 25,219 ; 25,225 ; 25,203 ; 25,200 ; 25,181 ; 25,168 ; 25,182 ; 25,142 ; 25,130 ; 25,124 ; 25,131 ; 25,109 ; 25,097 ; 25,086 ; 25,074 ; 25,056 ; 25,058 ; 25,039 ; 25,016 ; 25,011 ; 24,992 ; 25,003 ; 24,977 ; 24,991 ; 24,942 ; 24,941 ; 24,958 ; 24,935 ; 24,929 ; 24,927 ; 24,888 ; 24,892 ; 24,867 ; 24,999 ; 25,195 ; 25,346 ; 25,432 ; 25,442 ; 25,409 ; 25,402 ; 25,381 ; 25,389 ; 25,400 ; 25,371 ; 25,372 ; 25,359 ; 25,359 ; 
25,781 ; 25,797 ; 25,785 ; 25,760 ; 25,764 ; 25,734 ; 25,718 ; 25,706 ; 25,706 ; 25,685 ; 25,677 ; 25,672 ; 25,670 ; 25,657 ; 25,639 ; 25,642 ; 25,632 ; 25,593 ; 25,598 ; 25,589 ; 25,564 ; 25,573 ; 25,546 ; 25,555 ; 25,541 ; 25,533 ; 25,512 ; 25,487 ; 25,472 ; 25,485 ; 25,458 ; 25,446 ; 25,427 ; 25,437 ; 25,407 ; 25,412 ; 25,389 ; 25,390 ; 25,357 ; 25,364 ; 25,359 ; 25,342 ; 25,321 ; 25,307 ; 25,321 ; 25,302 ; 25,277 ; 25,284 ; 25,276 ; 25,248 ; 25,240 ; 25,237 ; 25,222 ; 25,225 ; 25,206 ; 25,184 ; 25,168 ; 25,150 ; 25,166 ; 25,161 ; 25,138 ; 25,125 ; 25,126 ; 25,113 ; 25,070 ; 25,074 ; 25,082 ; 25,047 ; 25,051 ; 25,034 ; 25,004 ; 25,020 ; 24,973 ; 24,996 ; 24,965 ; 24,952 ; 24,936 ; 24,934 ; 24,950 ; 25,118 ; 25,359 ; 25,506 ; 25,513 ; 25,485 ; 25,486 ; 25,463 ; 25,449 ; 25,448 ; 25,446 ; 25,413 ; 25,411 ; 25,393 ; 25,383 ; 25,403 ; 25,364 ; 25,375 ; 25,359 ; 25,339 ; 25,326 ; 25,326 ; 
25,806 ; 25,761 ; 25,773 ; 25,763 ; 25,756 ; 25,725 ; 25,726 ; 25,703 ; 25,699 ; 25,691 ; 25,677 ; 25,659 ; 25,652 ; 25,644 ; 25,620 ; 25,629 ; 25,605 ; 25,610 ; 25,599 ; 25,577 ; 25,556 ; 25,570 ; 25,555 ; 25,541 ; 25,546 ; 25,531 ; 25,492 ; 25,492 ; 25,492 ; 25,464 ; 25,473 ; 25,438 ; 25,435 ; 25,431 ; 25,417 ; 25,390 ; 25,387 ; 25,375 ; 25,384 ; 25,377 ; 25,342 ; 25,347 ; 25,327 ; 25,335 ; 25,320 ; 25,301 ; 25,284 ; 25,279 ; 25,273 ; 25,254 ; 25,246 ; 25,216 ; 25,235 ; 25,201 ; 25,195 ; 25,199 ; 25,169 ; 25,172 ; 25,170 ; 25,141 ; 25,121 ; 25,111 ; 25,100 ; 25,095 ; 25,078 ; 25,087 ; 25,064 ; 25,054 ; 25,028 ; 25,037 ; 25,031 ; 25,081 ; 25,203 ; 25,437 ; 25,580 ; 25,580 ; 25,559 ; 25,552 ; 25,538 ; 25,534 ; 25,523 ; 25,498 ; 25,491 ; 25,485 ; 25,484 ; 25,467 ; 25,444 ; 25,435 ; 25,424 ; 25,412 ; 25,401 ; 25,401 ; 25,391 ; 25,365 ; 25,354 ; 25,351 ; 25,356 ; 25,350 ; 25,344 ; 25,340 ; 
25,793 ; 25,789 ; 25,786 ; 25,780 ; 25,772 ; 25,755 ; 25,730 ; 25,740 ; 25,699 ; 25,689 ; 25,689 ; 25,664 ; 25,665 ; 25,642 ; 25,626 ; 25,642 ; 25,635 ; 25,614 ; 25,599 ; 25,599 ; 25,578 ; 25,550 ; 25,562 ; 25,547 ; 25,543 ; 25,527 ; 25,495 ; 25,497 ; 25,491 ; 25,479 ; 25,480 ; 25,455 ; 25,452 ; 25,418 ; 25,432 ; 25,405 ; 25,391 ; 25,402 ; 25,394 ; 25,376 ; 25,351 ; 25,354 ; 25,315 ; 25,314 ; 25,313 ; 25,304 ; 25,284 ; 25,259 ; 25,278 ; 25,265 ; 25,244 ; 25,239 ; 25,210 ; 25,203 ; 25,212 ; 25,197 ; 25,181 ; 25,169 ; 25,160 ; 25,139 ; 25,139 ; 25,112 ; 25,105 ; 25,092 ; 25,160 ; 25,323 ; 25,559 ; 25,665 ; 25,645 ; 25,632 ; 25,609 ; 25,599 ; 25,592 ; 25,598 ; 25,561 ; 25,552 ; 25,560 ; 25,537 ; 25,543 ; 25,513 ; 25,524 ; 25,492 ; 25,472 ; 25,475 ; 25,474 ; 25,460 ; 25,462 ; 25,436 ; 25,413 ; 25,421 ; 25,397 ; 25,384 ; 25,388 ; 25,381 ; 25,359 ; 25,381 ; 25,368 ; 25,360 ; 25,323 ; 25,316 ; 
25,760 ; 25,774 ; 25,761 ; 25,754 ; 25,712 ; 25,727 ; 25,720 ; 25,691 ; 25,678 ; 25,676 ; 25,675 ; 25,646 ; 25,638 ; 25,614 ; 25,629 ; 25,627 ; 25,591 ; 25,573 ; 25,579 ; 25,564 ; 25,549 ; 25,549 ; 25,546 ; 25,523 ; 25,503 ; 25,492 ; 25,510 ; 25,468 ; 25,475 ; 25,464 ; 25,443 ; 25,439 ; 25,412 ; 25,412 ; 25,397 ; 25,402 ; 25,389 ; 25,362 ; 25,334 ; 25,338 ; 25,328 ; 25,350 ; 25,321 ; 25,297 ; 25,292 ; 25,280 ; 25,283 ; 25,255 ; 25,259 ; 25,250 ; 25,240 ; 25,210 ; 25,201 ; 25,188 ; 25,172 ; 25,158 ; 25,151 ; 25,331 ; 25,506 ; 25,736 ; 25,730 ; 25,707 ; 25,702 ; 25,707 ; 25,690 ; 25,664 ; 25,666 ; 25,638 ; 25,638 ; 25,623 ; 25,613 ; 25,621 ; 25,590 ; 25,576 ; 25,561 ; 25,582 ; 25,560 ; 25,528 ; 25,510 ; 25,523 ; 25,504 ; 25,491 ; 25,485 ; 25,486 ; 25,448 ; 25,457 ; 25,449 ; 25,446 ; 25,405 ; 25,394 ; 25,384 ; 25,384 ; 25,391 ; 25,360 ; 25,374 ; 25,333 ; 25,360 ; 25,341 ; 25,335 ; 25,335 ; 
25,768 ; 25,768 ; 25,760 ; 25,752 ; 25,719 ; 25,732 ; 25,723 ; 25,682 ; 25,680 ; 25,681 ; 25,682 ; 25,671 ; 25,670 ; 25,629 ; 25,615 ; 25,615 ; 25,611 ; 25,598 ; 25,589 ; 25,584 ; 25,554 ; 25,542 ; 25,559 ; 25,527 ; 25,504 ; 25,507 ; 25,499 ; 25,472 ; 25,468 ; 25,448 ; 25,464 ; 25,454 ; 25,442 ; 25,415 ; 25,412 ; 25,406 ; 25,394 ; 25,387 ; 25,377 ; 25,363 ; 25,338 ; 25,344 ; 25,311 ; 25,317 ; 25,307 ; 25,285 ; 25,274 ; 25,253 ; 25,253 ; 25,334 ; 25,467 ; 25,634 ; 25,806 ; 25,810 ; 25,813 ; 25,782 ; 25,789 ; 25,769 ; 25,750 ; 25,746 ; 25,742 ; 25,740 ; 25,723 ; 25,696 ; 25,677 ; 25,693 ; 25,682 ; 25,677 ; 25,660 ; 25,629 ; 25,642 ; 25,622 ; 25,598 ; 25,577 ; 25,586 ; 25,582 ; 25,571 ; 25,540 ; 25,537 ; 25,535 ; 25,506 ; 25,492 ; 25,497 ; 25,469 ; 25,449 ; 25,460 ; 25,435 ; 25,438 ; 25,414 ; 25,412 ; 25,408 ; 25,391 ; 25,370 ; 25,354 ; 25,351 ; 25,337 ; 25,348 ; 25,340 ; 25,328 ; 25,298 ; 
25,779 ; 25,743 ; 25,732 ; 25,737 ; 25,729 ; 25,702 ; 25,706 ; 25,703 ; 25,683 ; 25,658 ; 25,645 ; 25,635 ; 25,641 ; 25,634 ; 25,605 ; 25,583 ; 25,595 ; 25,585 ; 25,577 ; 25,549 ; 25,538 ; 25,527 ; 25,531 ; 25,522 ; 25,499 ; 25,478 ; 25,475 ; 25,473 ; 25,469 ; 25,455 ; 25,436 ; 25,443 ; 25,412 ; 25,407 ; 25,405 ; 25,363 ; 25,366 ; 25,360 ; 25,350 ; 25,341 ; 25,325 ; 25,338 ; 25,487 ; 25,617 ; 25,812 ; 25,871 ; 25,871 ; 25,867 ; 25,849 ; 25,835 ; 25,821 ; 25,812 ; 25,804 ; 25,819 ; 25,806 ; 25,766 ; 25,779 ; 25,764 ; 25,729 ; 25,720 ; 25,732 ; 25,706 ; 25,707 ; 25,707 ; 25,690 ; 25,675 ; 25,656 ; 25,654 ; 25,631 ; 25,635 ; 25,611 ; 25,592 ; 25,596 ; 25,585 ; 25,579 ; 25,564 ; 25,553 ; 25,529 ; 25,536 ; 25,515 ; 25,516 ; 25,475 ; 25,498 ; 25,479 ; 25,473 ; 25,457 ; 25,448 ; 25,423 ; 25,431 ; 25,407 ; 25,402 ; 25,400 ; 25,378 ; 25,384 ; 25,347 ; 25,340 ; 25,329 ; 25,347 ; 25,334 ; 25,334 ; 
25,772 ; 25,751 ; 25,731 ; 25,726 ; 25,723 ; 25,702 ; 25,691 ; 25,693 ; 25,684 ; 25,677 ; 25,652 ; 25,652 ; 25,619 ; 25,639 ; 25,623 ; 25,598 ; 25,593 ; 25,580 ; 25,580 ; 25,565 ; 25,558 ; 25,547 ; 25,536 ; 25,527 ; 25,511 ; 25,486 ; 25,474 ; 25,457 ; 25,470 ; 25,450 ; 25,448 ; 25,414 ; 25,424 ; 25,408 ; 25,550 ; 25,668 ; 25,872 ; 25,972 ; 25,968 ; 25,965 ; 25,948 ; 25,915 ; 25,919 ; 25,898 ; 25,892 ; 25,905 ; 25,879 ; 25,877 ; 25,841 ; 25,852 ; 25,819 ; 25,817 ; 25,795 ; 25,787 ; 25,776 ; 25,761 ; 25,769 ; 25,742 ; 25,731 ; 25,746 ; 25,707 ; 25,709 ; 25,714 ; 25,700 ; 25,662 ; 25,672 ; 25,644 ; 25,653 ; 25,644 ; 25,626 ; 25,595 ; 25,577 ; 25,566 ; 25,590 ; 25,546 ; 25,556 ; 25,522 ; 25,540 ; 25,519 ; 25,499 ; 25,476 ; 25,488 ; 25,455 ; 25,448 ; 25,445 ; 25,425 ; 25,426 ; 25,421 ; 25,411 ; 25,408 ; 25,389 ; 25,358 ; 25,370 ; 25,366 ; 25,334 ; 25,356 ; 25,319 ; 25,325 ; 25,310 ; 25,317 ; 
25,742 ; 25,733 ; 25,726 ; 25,724 ; 25,691 ; 25,693 ; 25,695 ; 25,688 ; 25,653 ; 25,658 ; 25,653 ; 25,641 ; 25,622 ; 25,589 ; 25,593 ; 25,577 ; 25,566 ; 25,559 ; 25,559 ; 25,552 ; 25,542 ; 25,505 ; 25,503 ; 25,482 ; 25,486 ; 25,457 ; 25,501 ; 25,733 ; 25,864 ; 26,017 ; 26,026 ; 26,018 ; 26,026 ; 26,015 ; 25,995 ; 25,978 ; 25,978 ; 25,977 ; 25,952 ; 25,948 ; 25,917 ; 25,916 ; 25,930 ; 25,897 ; 25,893 ; 25,867 ; 25,855 ; 25,846 ; 25,838 ; 25,830 ; 25,836 ; 25,828 ; 25,810 ; 25,800 ; 25,776 ; 25,763 ; 25,752 ; 25,773 ; 25,758 ; 25,744 ; 25,729 ; 25,715 ; 25,691 ; 25,684 ; 25,690 ; 25,646 ; 25,658 ; 25,634 ; 25,629 ; 25,609 ; 25,601 ; 25,609 ; 25,599 ; 25,566 ; 25,550 ; 25,543 ; 25,529 ; 25,544 ; 25,531 ; 25,529 ; 25,506 ; 25,491 ; 25,484 ; 25,466 ; 25,430 ; 25,451 ; 25,417 ; 25,420 ; 25,399 ; 25,400 ; 25,389 ; 25,391 ; 25,386 ; 25,353 ; 25,357 ; 25,352 ; 25,317 ; 25,316 ; 25,299 ; 25,314 ; 
25,746 ; 25,725 ; 25,691 ; 25,700 ; 25,696 ; 25,665 ; 25,663 ; 25,642 ; 25,641 ; 25,634 ; 25,629 ; 25,622 ; 25,596 ; 25,599 ; 25,561 ; 25,554 ; 25,553 ; 25,542 ; 25,525 ; 25,669 ; 25,867 ; 26,032 ; 26,116 ; 26,097 ; 26,076 ; 26,070 ; 26,066 ; 26,027 ; 26,044 ; 26,027 ; 26,026 ; 25,995 ; 25,989 ; 25,987 ; 25,982 ; 25,964 ; 25,935 ; 25,947 ; 25,938 ; 25,934 ; 25,913 ; 25,910 ; 25,897 ; 25,885 ; 25,879 ; 25,862 ; 25,832 ; 25,846 ; 25,835 ; 25,831 ; 25,785 ; 25,791 ; 25,776 ; 25,786 ; 25,769 ; 25,752 ; 25,731 ; 25,738 ; 25,709 ; 25,696 ; 25,690 ; 25,675 ; 25,676 ; 25,671 ; 25,659 ; 25,634 ; 25,646 ; 25,611 ; 25,616 ; 25,595 ; 25,577 ; 25,564 ; 25,568 ; 25,529 ; 25,547 ; 25,541 ; 25,503 ; 25,513 ; 25,481 ; 25,495 ; 25,456 ; 25,449 ; 25,440 ; 25,435 ; 25,444 ; 25,433 ; 25,401 ; 25,395 ; 25,391 ; 25,386 ; 25,357 ; 25,371 ; 25,369 ; 25,333 ; 25,335 ; 25,323 ; 25,308 ; 25,266 ; 25,235 ; 25,017 ; 
25,708 ; 25,696 ; 25,683 ; 25,694 ; 25,680 ; 25,669 ; 25,652 ; 25,633 ; 25,608 ; 25,599 ; 25,596 ; 25,767 ; 25,868 ; 26,070 ; 26,121 ; 26,146 ; 26,154 ; 26,141 ; 26,118 ; 26,111 ; 26,116 ; 26,111 ; 26,089 ; 26,072 ; 26,068 ; 26,058 ; 26,045 ; 26,019 ; 26,018 ; 26,008 ; 25,988 ; 25,971 ; 25,997 ; 25,976 ; 25,963 ; 25,942 ; 25,953 ; 25,905 ; 25,922 ; 25,913 ; 25,916 ; 25,893 ; 25,876 ; 25,874 ; 25,867 ; 25,848 ; 25,849 ; 25,831 ; 25,836 ; 25,792 ; 25,797 ; 25,780 ; 25,760 ; 25,778 ; 25,761 ; 25,754 ; 25,734 ; 25,705 ; 25,699 ; 25,711 ; 25,697 ; 25,675 ; 25,681 ; 25,672 ; 25,636 ; 25,650 ; 25,629 ; 25,602 ; 25,584 ; 25,599 ; 25,579 ; 25,553 ; 25,549 ; 25,531 ; 25,527 ; 25,509 ; 25,489 ; 25,498 ; 25,492 ; 25,456 ; 25,452 ; 25,435 ; 25,449 ; 25,437 ; 25,427 ; 25,397 ; 25,391 ; 25,388 ; 25,380 ; 25,341 ; 25,121 ; 25,059 ; 24,782 ; 24,722 ; 24,698 ; 24,709 ; 24,701 ; 24,676 ; 24,662 ; 24,654 ; 
25,714 ; 25,700 ; 25,687 ; 25,783 ; 25,913 ; 26,142 ; 26,256 ; 26,244 ; 26,248 ; 26,228 ; 26,222 ; 26,224 ; 26,207 ; 26,177 ; 26,168 ; 26,179 ; 26,170 ; 26,159 ; 26,154 ; 26,116 ; 26,130 ; 26,106 ; 26,088 ; 26,093 ; 26,085 ; 26,069 ; 26,040 ; 26,036 ; 26,050 ; 26,021 ; 26,001 ; 25,989 ; 25,990 ; 25,979 ; 25,969 ; 25,945 ; 25,942 ; 25,923 ; 25,913 ; 25,922 ; 25,891 ; 25,891 ; 25,881 ; 25,889 ; 25,867 ; 25,847 ; 25,860 ; 25,824 ; 25,818 ; 25,803 ; 25,811 ; 25,793 ; 25,785 ; 25,763 ; 25,769 ; 25,748 ; 25,746 ; 25,719 ; 25,729 ; 25,715 ; 25,682 ; 25,690 ; 25,654 ; 25,652 ; 25,636 ; 25,644 ; 25,617 ; 25,617 ; 25,599 ; 25,589 ; 25,597 ; 25,564 ; 25,562 ; 25,556 ; 25,549 ; 25,543 ; 25,517 ; 25,497 ; 25,506 ; 25,499 ; 25,464 ; 25,470 ; 25,412 ; 25,094 ; 24,887 ; 24,803 ; 24,793 ; 24,784 ; 24,770 ; 24,763 ; 24,741 ; 24,762 ; 24,750 ; 24,747 ; 24,727 ; 24,715 ; 24,705 ; 24,684 ; 24,684 ; 24,660 ; 
26,325 ; 26,294 ; 26,312 ; 26,277 ; 26,273 ; 26,277 ; 26,247 ; 26,265 ; 26,256 ; 26,234 ; 26,230 ; 26,192 ; 26,207 ; 26,174 ; 26,178 ; 26,149 ; 26,166 ; 26,142 ; 26,140 ; 26,134 ; 26,104 ; 26,094 ; 26,104 ; 26,074 ; 26,056 ; 26,052 ; 26,049 ; 26,024 ; 26,017 ; 26,027 ; 26,001 ; 26,014 ; 25,989 ; 25,991 ; 25,957 ; 25,972 ; 25,938 ; 25,938 ; 25,929 ; 25,913 ; 25,893 ; 25,887 ; 25,890 ; 25,866 ; 25,852 ; 25,853 ; 25,834 ; 25,830 ; 25,812 ; 25,797 ; 25,785 ; 25,793 ; 25,760 ; 25,773 ; 25,769 ; 25,756 ; 25,726 ; 25,733 ; 25,719 ; 25,708 ; 25,690 ; 25,671 ; 25,659 ; 25,654 ; 25,623 ; 25,641 ; 25,619 ; 25,628 ; 25,590 ; 25,607 ; 25,579 ; 25,599 ; 25,578 ; 25,583 ; 25,538 ; 25,382 ; 25,191 ; 24,982 ; 24,887 ; 24,879 ; 24,876 ; 24,864 ; 24,839 ; 24,820 ; 24,815 ; 24,799 ; 24,814 ; 24,774 ; 24,790 ; 24,777 ; 24,757 ; 24,745 ; 24,734 ; 24,721 ; 24,719 ; 24,708 ; 24,696 ; 24,690 ; 24,678 ; 24,666 ; 
26,313 ; 26,315 ; 26,296 ; 26,299 ; 26,266 ; 26,254 ; 26,245 ; 26,258 ; 26,240 ; 26,236 ; 26,205 ; 26,207 ; 26,192 ; 26,192 ; 26,166 ; 26,175 ; 26,146 ; 26,137 ; 26,137 ; 26,112 ; 26,115 ; 26,085 ; 26,093 ; 26,085 ; 26,061 ; 26,060 ; 26,031 ; 26,054 ; 26,030 ; 26,013 ; 26,002 ; 26,009 ; 25,981 ; 25,966 ; 25,958 ; 25,969 ; 25,927 ; 25,930 ; 25,930 ; 25,922 ; 25,878 ; 25,898 ; 25,889 ; 25,856 ; 25,866 ; 25,856 ; 25,837 ; 25,824 ; 25,807 ; 25,805 ; 25,794 ; 25,775 ; 25,793 ; 25,760 ; 25,749 ; 25,732 ; 25,736 ; 25,743 ; 25,712 ; 25,708 ; 25,685 ; 25,680 ; 25,688 ; 25,669 ; 25,660 ; 25,635 ; 25,642 ; 25,582 ; 25,390 ; 25,188 ; 24,996 ; 24,978 ; 24,945 ; 24,960 ; 24,935 ; 24,913 ; 24,900 ; 24,900 ; 24,885 ; 24,875 ; 24,864 ; 24,862 ; 24,833 ; 24,819 ; 24,826 ; 24,798 ; 24,789 ; 24,783 ; 24,769 ; 24,764 ; 24,758 ; 24,759 ; 24,754 ; 24,731 ; 24,716 ; 24,722 ; 24,691 ; 24,704 ; 24,689 ; 24,659 ; 
26,276 ; 26,284 ; 26,252 ; 26,269 ; 26,252 ; 26,238 ; 26,244 ; 26,214 ; 26,211 ; 26,177 ; 26,195 ; 26,173 ; 26,158 ; 26,168 ; 26,155 ; 26,135 ; 26,135 ; 26,103 ; 26,099 ; 26,100 ; 26,091 ; 26,069 ; 26,051 ; 26,068 ; 26,031 ; 26,020 ; 26,005 ; 26,018 ; 26,011 ; 25,979 ; 25,982 ; 25,974 ; 25,982 ; 25,964 ; 25,950 ; 25,941 ; 25,928 ; 25,922 ; 25,911 ; 25,904 ; 25,867 ; 25,859 ; 25,873 ; 25,861 ; 25,841 ; 25,841 ; 25,837 ; 25,817 ; 25,789 ; 25,792 ; 25,775 ; 25,776 ; 25,749 ; 25,732 ; 25,743 ; 25,731 ; 25,721 ; 25,705 ; 25,690 ; 25,659 ; 25,586 ; 25,370 ; 25,173 ; 25,048 ; 25,017 ; 25,016 ; 24,996 ; 24,998 ; 24,972 ; 24,974 ; 24,965 ; 24,941 ; 24,923 ; 24,936 ; 24,918 ; 24,909 ; 24,904 ; 24,879 ; 24,858 ; 24,852 ; 24,836 ; 24,848 ; 24,830 ; 24,819 ; 24,784 ; 24,778 ; 24,796 ; 24,760 ; 24,766 ; 24,765 ; 24,728 ; 24,751 ; 24,728 ; 24,704 ; 24,694 ; 24,702 ; 24,684 ; 24,664 ; 24,668 ; 24,653 ; 
26,321 ; 26,306 ; 26,293 ; 26,271 ; 26,272 ; 26,247 ; 26,256 ; 26,233 ; 26,236 ; 26,232 ; 26,222 ; 26,204 ; 26,197 ; 26,167 ; 26,184 ; 26,158 ; 26,138 ; 26,148 ; 26,116 ; 26,100 ; 26,113 ; 26,097 ; 26,088 ; 26,055 ; 26,062 ; 26,038 ; 26,013 ; 26,040 ; 26,017 ; 25,996 ; 25,989 ; 25,989 ; 25,982 ; 25,956 ; 25,951 ; 25,933 ; 25,941 ; 25,911 ; 25,921 ; 25,911 ; 25,886 ; 25,886 ; 25,867 ; 25,852 ; 25,867 ; 25,840 ; 25,829 ; 25,819 ; 25,824 ; 25,813 ; 25,806 ; 25,779 ; 25,743 ; 25,529 ; 25,369 ; 25,216 ; 25,135 ; 25,103 ; 25,106 ; 25,082 ; 25,075 ; 25,072 ; 25,065 ; 25,066 ; 25,048 ; 25,044 ; 25,010 ; 25,015 ; 24,990 ; 24,989 ; 24,961 ; 24,952 ; 24,952 ; 24,935 ; 24,927 ; 24,910 ; 24,919 ; 24,888 ; 24,890 ; 24,884 ; 24,845 ; 24,858 ; 24,835 ; 24,838 ; 24,805 ; 24,794 ; 24,802 ; 24,778 ; 24,758 ; 24,752 ; 24,746 ; 24,758 ; 24,750 ; 24,715 ; 24,708 ; 24,690 ; 24,679 ; 24,689 ; 24,684 ; 24,666 ; 
26,337 ; 26,305 ; 26,294 ; 26,296 ; 26,294 ; 26,264 ; 26,256 ; 26,265 ; 26,245 ; 26,236 ; 26,216 ; 26,213 ; 26,211 ; 26,186 ; 26,159 ; 26,171 ; 26,150 ; 26,160 ; 26,136 ; 26,109 ; 26,104 ; 26,088 ; 26,100 ; 26,088 ; 26,063 ; 26,050 ; 26,044 ; 26,044 ; 26,015 ; 26,003 ; 26,000 ; 25,997 ; 25,979 ; 25,969 ; 25,983 ; 25,957 ; 25,940 ; 25,933 ; 25,936 ; 25,910 ; 25,919 ; 25,907 ; 25,897 ; 25,866 ; 25,864 ; 25,685 ; 25,585 ; 25,372 ; 25,242 ; 25,187 ; 25,206 ; 25,173 ; 25,174 ; 25,166 ; 25,158 ; 25,136 ; 25,121 ; 25,118 ; 25,129 ; 25,083 ; 25,078 ; 25,065 ; 25,050 ; 25,063 ; 25,029 ; 25,035 ; 25,005 ; 25,008 ; 24,976 ; 24,996 ; 24,955 ; 24,947 ; 24,935 ; 24,942 ; 24,915 ; 24,927 ; 24,918 ; 24,881 ; 24,894 ; 24,854 ; 24,842 ; 24,847 ; 24,843 ; 24,820 ; 24,793 ; 24,805 ; 24,798 ; 24,789 ; 24,776 ; 24,770 ; 24,769 ; 24,747 ; 24,719 ; 24,719 ; 24,708 ; 24,707 ; 24,703 ; 24,685 ; 24,694 ; 24,661 ; 
26,302 ; 26,297 ; 26,279 ; 26,281 ; 26,291 ; 26,276 ; 26,270 ; 26,242 ; 26,230 ; 26,219 ; 26,222 ; 26,204 ; 26,196 ; 26,170 ; 26,166 ; 26,152 ; 26,155 ; 26,150 ; 26,143 ; 26,115 ; 26,117 ; 26,109 ; 26,101 ; 26,088 ; 26,072 ; 26,067 ; 26,066 ; 26,040 ; 26,027 ; 26,005 ; 26,012 ; 26,005 ; 25,984 ; 25,981 ; 25,975 ; 25,981 ; 25,960 ; 25,822 ; 25,687 ; 25,528 ; 25,340 ; 25,278 ; 25,291 ; 25,258 ; 25,239 ; 25,256 ; 25,241 ; 25,225 ; 25,223 ; 25,197 ; 25,204 ; 25,180 ; 25,157 ; 25,152 ; 25,136 ; 25,144 ; 25,125 ; 25,124 ; 25,097 ; 25,080 ; 25,087 ; 25,059 ; 25,048 ; 25,035 ; 25,028 ; 25,034 ; 25,007 ; 24,996 ; 25,003 ; 24,976 ; 24,977 ; 24,950 ; 24,935 ; 24,940 ; 24,925 ; 24,924 ; 24,878 ; 24,901 ; 24,884 ; 24,850 ; 24,862 ; 24,832 ; 24,826 ; 24,814 ; 24,807 ; 24,798 ; 24,777 ; 24,782 ; 24,756 ; 24,766 ; 24,751 ; 24,738 ; 24,729 ; 24,719 ; 24,700 ; 24,713 ; 24,695 ; 24,682 ; 24,667 ; 24,676 ; 
26,324 ; 26,294 ; 26,305 ; 26,285 ; 26,270 ; 26,269 ; 26,268 ; 26,253 ; 26,263 ; 26,236 ; 26,226 ; 26,211 ; 26,196 ; 26,189 ; 26,175 ; 26,152 ; 26,166 ; 26,141 ; 26,124 ; 26,116 ; 26,111 ; 26,118 ; 26,079 ; 26,088 ; 26,064 ; 26,080 ; 26,051 ; 26,030 ; 26,044 ; 26,017 ; 25,811 ; 25,636 ; 25,482 ; 25,354 ; 25,347 ; 25,347 ; 25,339 ; 25,323 ; 25,313 ; 25,310 ; 25,307 ; 25,295 ; 25,273 ; 25,274 ; 25,240 ; 25,228 ; 25,224 ; 25,228 ; 25,199 ; 25,215 ; 25,179 ; 25,197 ; 25,178 ; 25,166 ; 25,151 ; 25,132 ; 25,120 ; 25,111 ; 25,101 ; 25,086 ; 25,065 ; 25,076 ; 25,065 ; 25,035 ; 25,045 ; 25,013 ; 25,016 ; 24,991 ; 24,992 ; 24,985 ; 24,983 ; 24,948 ; 24,956 ; 24,922 ; 24,922 ; 24,912 ; 24,897 ; 24,906 ; 24,880 ; 24,879 ; 24,867 ; 24,852 ; 24,826 ; 24,830 ; 24,824 ; 24,793 ; 24,808 ; 24,764 ; 24,772 ; 24,764 ; 24,758 ; 24,732 ; 24,733 ; 24,727 ; 24,721 ; 24,707 ; 24,698 ; 24,676 ; 24,695 ; 24,661 ; 
26,295 ; 26,318 ; 26,271 ; 26,287 ; 26,262 ; 26,250 ; 26,251 ; 26,220 ; 26,224 ; 26,201 ; 26,189 ; 26,178 ; 26,187 ; 26,164 ; 26,148 ; 26,162 ; 26,128 ; 26,131 ; 26,125 ; 26,129 ; 26,116 ; 26,104 ; 25,950 ; 25,757 ; 25,530 ; 25,478 ; 25,423 ; 25,409 ; 25,394 ; 25,411 ; 25,386 ; 25,388 ; 25,356 ; 25,341 ; 25,333 ; 25,329 ; 25,322 ; 25,325 ; 25,311 ; 25,292 ; 25,273 ; 25,264 ; 25,285 ; 25,248 ; 25,234 ; 25,241 ; 25,241 ; 25,222 ; 25,209 ; 25,204 ; 25,185 ; 25,155 ; 25,154 ; 25,149 ; 25,152 ; 25,143 ; 25,109 ; 25,092 ; 25,088 ; 25,093 ; 25,068 ; 25,069 ; 25,066 ; 25,047 ; 25,023 ; 25,035 ; 25,021 ; 24,994 ; 24,999 ; 24,967 ; 24,961 ; 24,937 ; 24,945 ; 24,933 ; 24,934 ; 24,931 ; 24,886 ; 24,880 ; 24,882 ; 24,847 ; 24,868 ; 24,856 ; 24,848 ; 24,813 ; 24,800 ; 24,805 ; 24,803 ; 24,788 ; 24,757 ; 24,770 ; 24,740 ; 24,725 ; 24,737 ; 24,726 ; 24,719 ; 24,703 ; 24,690 ; 24,670 ; 24,656 ; 24,673 ; 
26,313 ; 26,288 ; 26,271 ; 26,277 ; 26,262 ; 26,244 ; 26,239 ; 26,228 ; 26,215 ; 26,226 ; 26,213 ; 26,186 ; 26,173 ; 26,202 ; 26,159 ; 25,984 ; 25,749 ; 25,599 ; 25,533 ; 25,498 ; 25,472 ; 25,484 ; 25,479 ; 25,469 ; 25,449 ; 25,443 ; 25,414 ; 25,408 ; 25,413 ; 25,382 ; 25,374 ; 25,375 ; 25,380 ; 25,365 ; 25,327 ; 25,315 ; 25,304 ; 25,298 ; 25,304 ; 25,289 ; 25,264 ; 25,262 ; 25,256 ; 25,264 ; 25,240 ; 25,227 ; 25,224 ; 25,199 ; 25,179 ; 25,173 ; 25,184 ; 25,160 ; 25,144 ; 25,148 ; 25,141 ; 25,111 ; 25,096 ; 25,087 ; 25,071 ; 25,072 ; 25,056 ; 25,044 ; 25,033 ; 25,045 ; 25,015 ; 25,020 ; 25,004 ; 24,982 ; 24,958 ; 24,971 ; 24,958 ; 24,952 ; 24,919 ; 24,915 ; 24,894 ; 24,892 ; 24,899 ; 24,887 ; 24,861 ; 24,857 ; 24,829 ; 24,832 ; 24,800 ; 24,806 ; 24,789 ; 24,778 ; 24,759 ; 24,745 ; 24,737 ; 24,743 ; 24,716 ; 24,710 ; 24,721 ; 24,703 ; 24,686 ; 24,694 ; 24,665 ; 24,677 ; 24,670 ; 24,664 ; 
26,296 ; 26,308 ; 26,294 ; 26,303 ; 26,285 ; 26,281 ; 26,277 ; 26,075 ; 25,902 ; 25,712 ; 25,610 ; 25,613 ; 25,583 ; 25,573 ; 25,583 ; 25,573 ; 25,553 ; 25,540 ; 25,531 ; 25,494 ; 25,491 ; 25,506 ; 25,484 ; 25,468 ; 25,464 ; 25,466 ; 25,449 ; 25,430 ; 25,431 ; 25,403 ; 25,395 ; 25,393 ; 25,368 ; 25,354 ; 25,370 ; 25,346 ; 25,321 ; 25,325 ; 25,307 ; 25,302 ; 25,293 ; 25,286 ; 25,264 ; 25,258 ; 25,233 ; 25,244 ; 25,234 ; 25,213 ; 25,188 ; 25,181 ; 25,172 ; 25,181 ; 25,146 ; 25,141 ; 25,133 ; 25,132 ; 25,097 ; 25,105 ; 25,086 ; 25,083 ; 25,081 ; 25,040 ; 25,037 ; 25,005 ; 25,068 ; 25,027 ; 24,991 ; 24,995 ; 24,959 ; 24,971 ; 24,946 ; 24,935 ; 24,922 ; 24,922 ; 24,892 ; 24,888 ; 24,892 ; 24,858 ; 24,837 ; 24,858 ; 24,815 ; 24,799 ; 24,826 ; 24,807 ; 24,805 ; 24,792 ; 24,765 ; 24,768 ; 24,737 ; 24,725 ; 24,719 ; 24,723 ; 24,692 ; 24,686 ; 24,679 ; 24,691 ; 24,652 ; 24,670 ; 24,640 ; 24,629 ; 
26,027 ; 25,800 ; 25,712 ; 25,656 ; 25,638 ; 25,635 ; 25,622 ; 25,610 ; 25,616 ; 25,590 ; 25,579 ; 25,592 ; 25,570 ; 25,571 ; 25,553 ; 25,527 ; 25,531 ; 25,527 ; 25,497 ; 25,479 ; 25,485 ; 25,474 ; 25,451 ; 25,432 ; 25,424 ; 25,421 ; 25,402 ; 25,396 ; 25,412 ; 25,374 ; 25,383 ; 25,362 ; 25,348 ; 25,338 ; 25,321 ; 25,334 ; 25,315 ; 25,298 ; 25,289 ; 25,265 ; 25,270 ; 25,260 ; 25,250 ; 25,233 ; 25,223 ; 25,221 ; 25,218 ; 25,191 ; 25,179 ; 25,170 ; 25,173 ; 25,156 ; 25,144 ; 25,138 ; 25,126 ; 25,111 ; 25,092 ; 25,094 ; 25,074 ; 25,053 ; 25,062 ; 25,040 ; 25,050 ; 25,039 ; 24,997 ; 25,013 ; 24,999 ; 24,984 ; 24,958 ; 24,965 ; 24,936 ; 24,936 ; 24,939 ; 24,918 ; 24,888 ; 24,900 ; 24,874 ; 24,875 ; 24,847 ; 24,841 ; 24,849 ; 24,832 ; 24,820 ; 24,817 ; 24,792 ; 24,768 ; 24,764 ; 24,766 ; 24,744 ; 24,740 ; 24,734 ; 24,715 ; 24,723 ; 24,710 ; 24,707 ; 24,671 ; 24,696 ; 24,646 ; 24,667 ; 24,646 ; 
25,700 ; 25,674 ; 25,663 ; 25,651 ; 25,662 ; 25,639 ; 25,627 ; 25,639 ; 25,603 ; 25,591 ; 25,582 ; 25,583 ; 25,556 ; 25,577 ; 25,546 ; 25,527 ; 25,512 ; 25,509 ; 25,503 ; 25,489 ; 25,492 ; 25,489 ; 25,470 ; 25,455 ; 25,425 ; 25,432 ; 25,439 ; 25,405 ; 25,390 ; 25,397 ; 25,372 ; 25,376 ; 25,344 ; 25,321 ; 25,329 ; 25,316 ; 25,317 ; 25,299 ; 25,270 ; 25,261 ; 25,274 ; 25,237 ; 25,234 ; 25,221 ; 25,228 ; 25,222 ; 25,210 ; 25,200 ; 25,156 ; 25,143 ; 25,146 ; 25,124 ; 25,135 ; 25,127 ; 25,099 ; 25,089 ; 25,093 ; 25,093 ; 25,081 ; 25,066 ; 25,052 ; 25,021 ; 25,023 ; 24,998 ; 24,997 ; 25,007 ; 24,977 ; 24,965 ; 24,958 ; 24,933 ; 24,940 ; 24,915 ; 24,912 ; 24,881 ; 24,894 ; 24,860 ; 24,868 ; 24,863 ; 24,856 ; 24,817 ; 24,836 ; 24,806 ; 24,801 ; 24,784 ; 24,784 ; 24,764 ; 24,762 ; 24,738 ; 24,743 ; 24,709 ; 24,717 ; 24,703 ; 24,695 ; 24,692 ; 24,659 ; 24,667 ; 24,641 ; 24,634 ; 24,643 ; 24,645 ; 
25,717 ; 25,705 ; 25,703 ; 25,691 ; 25,688 ; 25,663 ; 25,645 ; 25,620 ; 25,627 ; 25,623 ; 25,622 ; 25,607 ; 25,571 ; 25,585 ; 25,561 ; 25,541 ; 25,523 ; 25,522 ; 25,510 ; 25,513 ; 25,518 ; 25,503 ; 25,479 ; 25,475 ; 25,446 ; 25,460 ; 25,437 ; 25,419 ; 25,417 ; 25,425 ; 25,409 ; 25,397 ; 25,377 ; 25,365 ; 25,342 ; 25,358 ; 25,319 ; 25,309 ; 25,303 ; 25,301 ; 25,289 ; 25,276 ; 25,274 ; 25,247 ; 25,256 ; 25,230 ; 25,217 ; 25,223 ; 25,203 ; 25,213 ; 25,197 ; 25,162 ; 25,161 ; 25,156 ; 25,135 ; 25,149 ; 25,101 ; 25,120 ; 25,090 ; 25,097 ; 25,086 ; 25,054 ; 25,050 ; 25,053 ; 25,031 ; 25,035 ; 25,022 ; 25,007 ; 24,972 ; 24,971 ; 24,980 ; 24,945 ; 24,943 ; 24,923 ; 24,929 ; 24,898 ; 24,909 ; 24,897 ; 24,876 ; 24,862 ; 24,841 ; 24,842 ; 24,824 ; 24,800 ; 24,817 ; 24,784 ; 24,774 ; 24,757 ; 24,775 ; 24,732 ; 24,732 ; 24,741 ; 24,733 ; 24,722 ; 24,696 ; 24,735 ; 24,884 ; 25,001 ; 25,182 ; 25,285 ; 
25,705 ; 25,700 ; 25,680 ; 25,691 ; 25,676 ; 25,670 ; 25,635 ; 25,638 ; 25,619 ; 25,608 ; 25,605 ; 25,619 ; 25,583 ; 25,567 ; 25,548 ; 25,552 ; 25,533 ; 25,511 ; 25,534 ; 25,507 ; 25,489 ; 25,482 ; 25,489 ; 25,456 ; 25,463 ; 25,430 ; 25,432 ; 25,433 ; 25,397 ; 25,406 ; 25,381 ; 25,383 ; 25,356 ; 25,347 ; 25,353 ; 25,326 ; 25,319 ; 25,328 ; 25,284 ; 25,299 ; 25,280 ; 25,266 ; 25,272 ; 25,235 ; 25,228 ; 25,219 ; 25,216 ; 25,218 ; 25,203 ; 25,182 ; 25,184 ; 25,173 ; 25,136 ; 25,138 ; 25,132 ; 25,136 ; 25,099 ; 25,103 ; 25,094 ; 25,089 ; 25,081 ; 25,059 ; 25,062 ; 25,040 ; 25,014 ; 25,016 ; 24,986 ; 24,983 ; 24,967 ; 24,978 ; 24,950 ; 24,953 ; 24,916 ; 24,912 ; 24,923 ; 24,898 ; 24,906 ; 24,888 ; 24,852 ; 24,835 ; 24,831 ; 24,832 ; 24,829 ; 24,800 ; 24,793 ; 24,765 ; 24,758 ; 24,857 ; 25,045 ; 25,265 ; 25,332 ; 25,356 ; 25,317 ; 25,328 ; 25,319 ; 25,291 ; 25,302 ; 25,288 ; 25,279 ; 25,277 ; 
25,715 ; 25,703 ; 25,693 ; 25,688 ; 25,659 ; 25,659 ; 25,631 ; 25,642 ; 25,617 ; 25,608 ; 25,616 ; 25,585 ; 25,578 ; 25,580 ; 25,568 ; 25,548 ; 25,549 ; 25,518 ; 25,533 ; 25,510 ; 25,493 ; 25,472 ; 25,455 ; 25,467 ; 25,448 ; 25,448 ; 25,429 ; 25,406 ; 25,394 ; 25,414 ; 25,377 ; 25,395 ; 25,347 ; 25,341 ; 25,345 ; 25,340 ; 25,328 ; 25,290 ; 25,299 ; 25,288 ; 25,265 ; 25,264 ; 25,267 ; 25,234 ; 25,223 ; 25,227 ; 25,195 ; 25,184 ; 25,194 ; 25,190 ; 25,180 ; 25,146 ; 25,133 ; 25,146 ; 25,120 ; 25,121 ; 25,092 ; 25,092 ; 25,070 ; 25,081 ; 25,048 ; 25,063 ; 25,043 ; 25,013 ; 25,032 ; 25,007 ; 24,994 ; 24,967 ; 24,959 ; 24,965 ; 24,939 ; 24,943 ; 24,929 ; 24,917 ; 24,897 ; 24,874 ; 24,856 ; 24,855 ; 24,851 ; 24,857 ; 25,033 ; 25,143 ; 25,368 ; 25,406 ; 25,396 ; 25,399 ; 25,395 ; 25,378 ; 25,365 ; 25,358 ; 25,334 ; 25,341 ; 25,320 ; 25,321 ; 25,316 ; 25,278 ; 25,301 ; 25,280 ; 25,279 ; 25,274 ; 
25,696 ; 25,685 ; 25,690 ; 25,675 ; 25,658 ; 25,651 ; 25,634 ; 25,638 ; 25,607 ; 25,593 ; 25,584 ; 25,577 ; 25,561 ; 25,577 ; 25,565 ; 25,533 ; 25,546 ; 25,523 ; 25,493 ; 25,488 ; 25,486 ; 25,463 ; 25,460 ; 25,450 ; 25,452 ; 25,421 ; 25,414 ; 25,395 ; 25,399 ; 25,376 ; 25,380 ; 25,372 ; 25,357 ; 25,340 ; 25,335 ; 25,319 ; 25,320 ; 25,285 ; 25,292 ; 25,283 ; 25,272 ; 25,249 ; 25,252 ; 25,230 ; 25,221 ; 25,213 ; 25,213 ; 25,200 ; 25,184 ; 25,162 ; 25,139 ; 25,130 ; 25,130 ; 25,105 ; 25,118 ; 25,101 ; 25,076 ; 25,070 ; 25,058 ; 25,043 ; 25,059 ; 25,035 ; 25,002 ; 24,995 ; 24,996 ; 24,977 ; 24,974 ; 24,954 ; 24,942 ; 24,947 ; 24,918 ; 24,915 ; 25,009 ; 25,117 ; 25,401 ; 25,484 ; 25,494 ; 25,476 ; 25,463 ; 25,432 ; 25,425 ; 25,438 ; 25,405 ; 25,397 ; 25,407 ; 25,387 ; 25,380 ; 25,377 ; 25,337 ; 25,334 ; 25,340 ; 25,307 ; 25,313 ; 25,293 ; 25,268 ; 25,279 ; 25,270 ; 25,268 ; 25,250 ; 25,236 ; 
25,681 ; 25,683 ; 25,664 ; 25,675 ; 25,641 ; 25,626 ; 25,620 ; 25,608 ; 25,605 ; 25,587 ; 25,579 ; 25,564 ; 25,560 ; 25,535 ; 25,554 ; 25,536 ; 25,535 ; 25,513 ; 25,484 ; 25,479 ; 25,482 ; 25,468 ; 25,467 ; 25,446 ; 25,429 ; 25,436 ; 25,427 ; 25,412 ; 25,389 ; 25,393 ; 25,360 ; 25,354 ; 25,345 ; 25,323 ; 25,328 ; 25,325 ; 25,305 ; 25,307 ; 25,290 ; 25,271 ; 25,270 ; 25,246 ; 25,244 ; 25,230 ; 25,203 ; 25,184 ; 25,197 ; 25,199 ; 25,180 ; 25,152 ; 25,145 ; 25,129 ; 25,119 ; 25,106 ; 25,095 ; 25,081 ; 25,084 ; 25,063 ; 25,070 ; 25,043 ; 25,048 ; 25,020 ; 25,001 ; 25,003 ; 25,007 ; 25,080 ; 25,255 ; 25,420 ; 25,555 ; 25,560 ; 25,518 ; 25,529 ; 25,530 ; 25,501 ; 25,484 ; 25,494 ; 25,460 ; 25,455 ; 25,458 ; 25,446 ; 25,408 ; 25,415 ; 25,399 ; 25,383 ; 25,374 ; 25,377 ; 25,365 ; 25,365 ; 25,347 ; 25,340 ; 25,305 ; 25,298 ; 25,309 ; 25,277 ; 25,262 ; 25,282 ; 25,256 ; 25,243 ; 25,253 ; 25,237 ; 
25,694 ; 25,691 ; 25,662 ; 25,642 ; 25,645 ; 25,621 ; 25,614 ; 25,628 ; 25,598 ; 25,599 ; 25,590 ; 25,573 ; 25,542 ; 25,535 ; 25,546 ; 25,531 ; 25,518 ; 25,518 ; 25,509 ; 25,485 ; 25,454 ; 25,467 ; 25,452 ; 25,427 ; 25,419 ; 25,426 ; 25,389 ; 25,405 ; 25,362 ; 25,363 ; 25,351 ; 25,341 ; 25,340 ; 25,342 ; 25,311 ; 25,308 ; 25,278 ; 25,285 ; 25,272 ; 25,247 ; 25,256 ; 25,242 ; 25,237 ; 25,215 ; 25,217 ; 25,200 ; 25,195 ; 25,188 ; 25,161 ; 25,133 ; 25,123 ; 25,119 ; 25,097 ; 25,087 ; 25,080 ; 25,069 ; 25,071 ; 25,146 ; 25,219 ; 25,384 ; 25,621 ; 25,626 ; 25,629 ; 25,621 ; 25,603 ; 25,602 ; 25,564 ; 25,555 ; 25,566 ; 25,553 ; 25,509 ; 25,512 ; 25,506 ; 25,485 ; 25,472 ; 25,475 ; 25,448 ; 25,437 ; 25,436 ; 25,433 ; 25,407 ; 25,414 ; 25,397 ; 25,377 ; 25,366 ; 25,354 ; 25,350 ; 25,351 ; 25,327 ; 25,305 ; 25,316 ; 25,298 ; 25,293 ; 25,280 ; 25,274 ; 25,256 ; 25,249 ; 25,249 ; 25,221 ; 25,233 ; 
25,694 ; 25,676 ; 25,650 ; 25,644 ; 25,645 ; 25,641 ; 25,619 ; 25,609 ; 25,577 ; 25,572 ; 25,576 ; 25,572 ; 25,554 ; 25,522 ; 25,523 ; 25,505 ; 25,499 ; 25,478 ; 25,469 ; 25,480 ; 25,460 ; 25,440 ; 25,452 ; 25,426 ; 25,411 ; 25,412 ; 25,388 ; 25,394 ; 25,383 ; 25,371 ; 25,362 ; 25,342 ; 25,329 ; 25,332 ; 25,304 ; 25,286 ; 25,280 ; 25,264 ; 25,250 ; 25,255 ; 25,228 ; 25,221 ; 25,230 ; 25,215 ; 25,182 ; 25,172 ; 25,162 ; 25,143 ; 25,154 ; 25,137 ; 25,230 ; 25,431 ; 25,640 ; 25,697 ; 25,703 ; 25,682 ; 25,685 ; 25,660 ; 25,671 ; 25,665 ; 25,647 ; 25,641 ; 25,619 ; 25,604 ; 25,598 ; 25,584 ; 25,565 ; 25,552 ; 25,528 ; 25,549 ; 25,538 ; 25,519 ; 25,489 ; 25,474 ; 25,489 ; 25,456 ; 25,458 ; 25,444 ; 25,442 ; 25,418 ; 25,423 ; 25,384 ; 25,377 ; 25,391 ; 25,357 ; 25,371 ; 25,348 ; 25,337 ; 25,328 ; 25,328 ; 25,296 ; 25,303 ; 25,305 ; 25,274 ; 25,259 ; 25,273 ; 25,262 ; 25,234 ; 25,222 ; 25,237 ; 
25,663 ; 25,644 ; 25,641 ; 25,627 ; 25,635 ; 25,627 ; 25,599 ; 25,589 ; 25,570 ; 25,584 ; 25,564 ; 25,546 ; 25,523 ; 25,506 ; 25,519 ; 25,504 ; 25,480 ; 25,479 ; 25,475 ; 25,478 ; 25,433 ; 25,445 ; 25,440 ; 25,397 ; 25,417 ; 25,393 ; 25,380 ; 25,376 ; 25,351 ; 25,359 ; 25,345 ; 25,317 ; 25,323 ; 25,295 ; 25,293 ; 25,280 ; 25,276 ; 25,267 ; 25,240 ; 25,236 ; 25,233 ; 25,212 ; 25,255 ; 25,303 ; 25,534 ; 25,668 ; 25,785 ; 25,756 ; 25,748 ; 25,734 ; 25,720 ; 25,715 ; 25,701 ; 25,695 ; 25,703 ; 25,685 ; 25,663 ; 25,675 ; 25,659 ; 25,650 ; 25,633 ; 25,613 ; 25,609 ; 25,601 ; 25,574 ; 25,562 ; 25,549 ; 25,548 ; 25,535 ; 25,536 ; 25,517 ; 25,497 ; 25,498 ; 25,466 ; 25,466 ; 25,448 ; 25,432 ; 25,419 ; 25,430 ; 25,418 ; 25,396 ; 25,396 ; 25,366 ; 25,375 ; 25,368 ; 25,344 ; 25,352 ; 25,308 ; 25,316 ; 25,309 ; 25,298 ; 25,276 ; 25,256 ; 25,248 ; 25,237 ; 25,237 ; 25,228 ; 25,237 ; 25,205 ; 25,229 ; 
25,651 ; 25,660 ; 25,626 ; 25,640 ; 25,619 ; 25,623 ; 25,603 ; 25,572 ; 25,566 ; 25,559 ; 25,542 ; 25,556 ; 25,535 ; 25,507 ; 25,509 ; 25,481 ; 25,492 ; 25,481 ; 25,451 ; 25,432 ; 25,446 ; 25,430 ; 25,405 ; 25,411 ; 25,394 ; 25,378 ; 25,368 ; 25,347 ; 25,340 ; 25,333 ; 25,317 ; 25,302 ; 25,311 ; 25,302 ; 25,274 ; 25,413 ; 25,554 ; 25,729 ; 25,841 ; 25,862 ; 25,823 ; 25,827 ; 25,807 ; 25,805 ; 25,776 ; 25,786 ; 25,778 ; 25,754 ; 25,750 ; 25,743 ; 25,703 ; 25,726 ; 25,699 ; 25,685 ; 25,688 ; 25,659 ; 25,657 ; 25,664 ; 25,625 ; 25,633 ; 25,607 ; 25,607 ; 25,604 ; 25,596 ; 25,583 ; 25,559 ; 25,562 ; 25,546 ; 25,530 ; 25,506 ; 25,510 ; 25,482 ; 25,479 ; 25,467 ; 25,454 ; 25,448 ; 25,431 ; 25,417 ; 25,415 ; 25,403 ; 25,382 ; 25,391 ; 25,378 ; 25,381 ; 25,348 ; 25,323 ; 25,314 ; 25,339 ; 25,320 ; 25,288 ; 25,303 ; 25,283 ; 25,280 ; 25,267 ; 25,242 ; 25,258 ; 25,219 ; 25,235 ; 25,224 ; 25,222 ; 
25,658 ; 25,627 ; 25,633 ; 25,629 ; 25,597 ; 25,602 ; 25,593 ; 25,585 ; 25,570 ; 25,561 ; 25,554 ; 25,535 ; 25,527 ; 25,492 ; 25,492 ; 25,474 ; 25,469 ; 25,463 ; 25,438 ; 25,443 ; 25,415 ; 25,432 ; 25,391 ; 25,376 ; 25,384 ; 25,346 ; 25,359 ; 25,487 ; 25,591 ; 25,787 ; 25,904 ; 25,911 ; 25,922 ; 25,890 ; 25,878 ; 25,874 ; 25,873 ; 25,864 ; 25,849 ; 25,827 ; 25,828 ; 25,819 ; 25,804 ; 25,793 ; 25,785 ; 25,764 ; 25,764 ; 25,763 ; 25,742 ; 25,743 ; 25,707 ; 25,712 ; 25,685 ; 25,670 ; 25,690 ; 25,671 ; 25,670 ; 25,626 ; 25,641 ; 25,631 ; 25,610 ; 25,615 ; 25,573 ; 25,574 ; 25,552 ; 25,565 ; 25,538 ; 25,540 ; 25,512 ; 25,524 ; 25,495 ; 25,470 ; 25,469 ; 25,474 ; 25,468 ; 25,435 ; 25,425 ; 25,430 ; 25,394 ; 25,389 ; 25,374 ; 25,391 ; 25,362 ; 25,360 ; 25,345 ; 25,341 ; 25,321 ; 25,304 ; 25,319 ; 25,280 ; 25,290 ; 25,272 ; 25,253 ; 25,247 ; 25,254 ; 25,223 ; 25,239 ; 25,204 ; 25,207 ; 25,191 ; 
25,654 ; 25,636 ; 25,620 ; 25,619 ; 25,605 ; 25,576 ; 25,565 ; 25,582 ; 25,556 ; 25,546 ; 25,531 ; 25,534 ; 25,497 ; 25,507 ; 25,481 ; 25,484 ; 25,472 ; 25,466 ; 25,429 ; 25,455 ; 25,653 ; 25,791 ; 25,896 ; 26,002 ; 25,981 ; 25,974 ; 25,970 ; 25,966 ; 25,944 ; 25,932 ; 25,917 ; 25,923 ; 25,915 ; 25,893 ; 25,889 ; 25,883 ; 25,873 ; 25,853 ; 25,836 ; 25,825 ; 25,825 ; 25,807 ; 25,783 ; 25,801 ; 25,779 ; 25,769 ; 25,754 ; 25,758 ; 25,724 ; 25,713 ; 25,701 ; 25,697 ; 25,696 ; 25,690 ; 25,669 ; 25,668 ; 25,642 ; 25,627 ; 25,632 ; 25,619 ; 25,592 ; 25,598 ; 25,571 ; 25,571 ; 25,550 ; 25,552 ; 25,535 ; 25,535 ; 25,525 ; 25,498 ; 25,485 ; 25,481 ; 25,472 ; 25,464 ; 25,438 ; 25,433 ; 25,445 ; 25,406 ; 25,394 ; 25,391 ; 25,364 ; 25,357 ; 25,348 ; 25,323 ; 25,329 ; 25,329 ; 25,304 ; 25,319 ; 25,284 ; 25,291 ; 25,285 ; 25,258 ; 25,250 ; 25,244 ; 25,244 ; 25,225 ; 25,223 ; 25,223 ; 25,187 ; 25,136 ; 
